claim_id,value,unit,source,source_sha256,field,meaning
t1.evaluations,56,count,artifact:e0553704-d20f-4201-8ab0-78585038dba4,2392556e47f58be87f90eefa59f453c48fc71b5c114d62381b0490a5cd7f483d,totals.evaluations,T1 cell evaluations across sessions
t1.exact,51,count,artifact:e0553704-d20f-4201-8ab0-78585038dba4,2392556e47f58be87f90eefa59f453c48fc71b5c114d62381b0490a5cd7f483d,totals.exact_match,evaluations bit-identical to published
t1.deviating,5,count,artifact:e0553704-d20f-4201-8ab0-78585038dba4,2392556e47f58be87f90eefa59f453c48fc71b5c114d62381b0490a5cd7f483d,totals.deviating,evaluations deviating (all one cell)
t1.bistable_published,34.05058153658377,pp,artifact:e0553704-d20f-4201-8ab0-78585038dba4,2392556e47f58be87f90eefa59f453c48fc71b5c114d62381b0490a5cd7f483d,totals.published_value,BM25/coarse_idfonly/FR@3 as published
t1.bistable_alt,34.07895033091002,pp,artifact:e0553704-d20f-4201-8ab0-78585038dba4,2392556e47f58be87f90eefa59f453c48fc71b5c114d62381b0490a5cd7f483d,totals.deviating_value,same cell under PYTHONHASHSEED 99/777
t1.bistable_diff,0.0283687943,pp,artifact:e0553704-d20f-4201-8ab0-78585038dba4,2392556e47f58be87f90eefa59f453c48fc71b5c114d62381b0490a5cd7f483d,derived,difference = 1/25 of one of 141 queries
t1.cells,35,count,artifact:d4e8dd7a-e8b6-431d-b62d-9143dfce76cd,3c45a75b2df643d924bcdaa12fb34af71da6a871e2a36da09d326f55d2b724b0,rows,published T1 cells re-run
t1.cells_match,35,count,artifact:d4e8dd7a-e8b6-431d-b62d-9143dfce76cd,3c45a75b2df643d924bcdaa12fb34af71da6a871e2a36da09d326f55d2b724b0,verdict==MATCH,cells matching at the published hash seed
seal.entries,821,count,artifact:bc23c25c-884f-4879-88cb-1c85366172db,326caafd413603f5b9e9c9a3fa807fe92cf133be137cdd620c31de91337d4378,base_seal.entries,files in the authoritative seal
seal.changed,9,count,artifact:bc23c25c-884f-4879-88cb-1c85366172db,326caafd413603f5b9e9c9a3fa807fe92cf133be137cdd620c31de91337d4378,verdict.files_changed,sealed files edited in place on 2026-09-18
seal.numeric_changed,False,bool,artifact:bc23c25c-884f-4879-88cb-1c85366172db,326caafd413603f5b9e9c9a3fa807fe92cf133be137cdd620c31de91337d4378,verdict.numeric_logic_changed,whether any numeric logic changed
c1.n_queries,705,count,artifact:f05ba158-4c30-4cd7-b204-86524d3513e5,87319fed47eef34e55a1d7c851747d88619ae05012033439e436de783c409341,n_queries,RealTalk queries in the C1 evaluation
c1.passed.BM25_coarse,False,bool,artifact:f05ba158-4c30-4cd7-b204-86524d3513e5,87319fed47eef34e55a1d7c851747d88619ae05012033439e436de783c409341,verdict_fr3.BM25_coarse/-.passed,C1 gate outcome on FR@3
c1.passed.BM25_frozen,False,bool,artifact:f05ba158-4c30-4cd7-b204-86524d3513e5,87319fed47eef34e55a1d7c851747d88619ae05012033439e436de783c409341,verdict_fr3.BM25_frozen/-.passed,C1 gate outcome on FR@3
c1.k96/sym.BM25_coarse.fr3,-11.038,pp,artifact:f05ba158-4c30-4cd7-b204-86524d3513e5,87319fed47eef34e55a1d7c851747d88619ae05012033439e436de783c409341,"table[k96/sym,BM25_coarse/-].fr3_pp","12 B/doc arm minus BM25, fr3"
c1.k96/sym.BM25_coarse.fr3.lo,-15.706,pp,artifact:f05ba158-4c30-4cd7-b204-86524d3513e5,87319fed47eef34e55a1d7c851747d88619ae05012033439e436de783c409341,...fr3_lo,95% lower bound
c1.k96/sym.BM25_coarse.fr3.hi,-7.09,pp,artifact:f05ba158-4c30-4cd7-b204-86524d3513e5,87319fed47eef34e55a1d7c851747d88619ae05012033439e436de783c409341,...fr3_hi,95% upper bound
c1.k96/sym.BM25_coarse.hit10,-8.794,pp,artifact:f05ba158-4c30-4cd7-b204-86524d3513e5,87319fed47eef34e55a1d7c851747d88619ae05012033439e436de783c409341,"table[k96/sym,BM25_coarse/-].hit10_pp","12 B/doc arm minus BM25, hit10"
c1.k96/sym.BM25_coarse.hit10.lo,-13.498,pp,artifact:f05ba158-4c30-4cd7-b204-86524d3513e5,87319fed47eef34e55a1d7c851747d88619ae05012033439e436de783c409341,...hit10_lo,95% lower bound
c1.k96/sym.BM25_coarse.hit10.hi,-4.677,pp,artifact:f05ba158-4c30-4cd7-b204-86524d3513e5,87319fed47eef34e55a1d7c851747d88619ae05012033439e436de783c409341,...hit10_hi,95% upper bound
c1.k96/qscale.BM25_coarse.fr3,-11.495,pp,artifact:f05ba158-4c30-4cd7-b204-86524d3513e5,87319fed47eef34e55a1d7c851747d88619ae05012033439e436de783c409341,"table[k96/qscale,BM25_coarse/-].fr3_pp","12 B/doc arm minus BM25, fr3"
c1.k96/qscale.BM25_coarse.fr3.lo,-16.519,pp,artifact:f05ba158-4c30-4cd7-b204-86524d3513e5,87319fed47eef34e55a1d7c851747d88619ae05012033439e436de783c409341,...fr3_lo,95% lower bound
c1.k96/qscale.BM25_coarse.fr3.hi,-7.048,pp,artifact:f05ba158-4c30-4cd7-b204-86524d3513e5,87319fed47eef34e55a1d7c851747d88619ae05012033439e436de783c409341,...fr3_hi,95% upper bound
c1.k96/qscale.BM25_coarse.hit10,-5.674,pp,artifact:f05ba158-4c30-4cd7-b204-86524d3513e5,87319fed47eef34e55a1d7c851747d88619ae05012033439e436de783c409341,"table[k96/qscale,BM25_coarse/-].hit10_pp","12 B/doc arm minus BM25, hit10"
c1.k96/qscale.BM25_coarse.hit10.lo,-12.155,pp,artifact:f05ba158-4c30-4cd7-b204-86524d3513e5,87319fed47eef34e55a1d7c851747d88619ae05012033439e436de783c409341,...hit10_lo,95% lower bound
c1.k96/qscale.BM25_coarse.hit10.hi,0.0,pp,artifact:f05ba158-4c30-4cd7-b204-86524d3513e5,87319fed47eef34e55a1d7c851747d88619ae05012033439e436de783c409341,...hit10_hi,95% upper bound
c1.k192/sym.BM25_coarse.fr3,-5.344,pp,artifact:f05ba158-4c30-4cd7-b204-86524d3513e5,87319fed47eef34e55a1d7c851747d88619ae05012033439e436de783c409341,"table[k192/sym,BM25_coarse/-].fr3_pp","24 B/doc arm minus BM25, fr3"
c1.k192/sym.BM25_coarse.fr3.lo,-7.201,pp,artifact:f05ba158-4c30-4cd7-b204-86524d3513e5,87319fed47eef34e55a1d7c851747d88619ae05012033439e436de783c409341,...fr3_lo,95% lower bound
c1.k192/sym.BM25_coarse.fr3.hi,-3.656,pp,artifact:f05ba158-4c30-4cd7-b204-86524d3513e5,87319fed47eef34e55a1d7c851747d88619ae05012033439e436de783c409341,...fr3_hi,95% upper bound
c1.k192/sym.BM25_coarse.hit10,-3.546,pp,artifact:f05ba158-4c30-4cd7-b204-86524d3513e5,87319fed47eef34e55a1d7c851747d88619ae05012033439e436de783c409341,"table[k192/sym,BM25_coarse/-].hit10_pp","24 B/doc arm minus BM25, hit10"
c1.k192/sym.BM25_coarse.hit10.lo,-7.736,pp,artifact:f05ba158-4c30-4cd7-b204-86524d3513e5,87319fed47eef34e55a1d7c851747d88619ae05012033439e436de783c409341,...hit10_lo,95% lower bound
c1.k192/sym.BM25_coarse.hit10.hi,1.135,pp,artifact:f05ba158-4c30-4cd7-b204-86524d3513e5,87319fed47eef34e55a1d7c851747d88619ae05012033439e436de783c409341,...hit10_hi,95% upper bound
c1.k192/qscale.BM25_coarse.fr3,-4.152,pp,artifact:f05ba158-4c30-4cd7-b204-86524d3513e5,87319fed47eef34e55a1d7c851747d88619ae05012033439e436de783c409341,"table[k192/qscale,BM25_coarse/-].fr3_pp","24 B/doc arm minus BM25, fr3"
c1.k192/qscale.BM25_coarse.fr3.lo,-6.184,pp,artifact:f05ba158-4c30-4cd7-b204-86524d3513e5,87319fed47eef34e55a1d7c851747d88619ae05012033439e436de783c409341,...fr3_lo,95% lower bound
c1.k192/qscale.BM25_coarse.fr3.hi,-2.205,pp,artifact:f05ba158-4c30-4cd7-b204-86524d3513e5,87319fed47eef34e55a1d7c851747d88619ae05012033439e436de783c409341,...fr3_hi,95% upper bound
c1.k192/qscale.BM25_coarse.hit10,0.0,pp,artifact:f05ba158-4c30-4cd7-b204-86524d3513e5,87319fed47eef34e55a1d7c851747d88619ae05012033439e436de783c409341,"table[k192/qscale,BM25_coarse/-].hit10_pp","24 B/doc arm minus BM25, hit10"
c1.k192/qscale.BM25_coarse.hit10.lo,-4.899,pp,artifact:f05ba158-4c30-4cd7-b204-86524d3513e5,87319fed47eef34e55a1d7c851747d88619ae05012033439e436de783c409341,...hit10_lo,95% lower bound
c1.k192/qscale.BM25_coarse.hit10.hi,5.17,pp,artifact:f05ba158-4c30-4cd7-b204-86524d3513e5,87319fed47eef34e55a1d7c851747d88619ae05012033439e436de783c409341,...hit10_hi,95% upper bound
c1.k384/sym.BM25_coarse.fr3,-2.422,pp,artifact:f05ba158-4c30-4cd7-b204-86524d3513e5,87319fed47eef34e55a1d7c851747d88619ae05012033439e436de783c409341,"table[k384/sym,BM25_coarse/-].fr3_pp","48 B/doc arm minus BM25, fr3"
c1.k384/sym.BM25_coarse.fr3.lo,-4.274,pp,artifact:f05ba158-4c30-4cd7-b204-86524d3513e5,87319fed47eef34e55a1d7c851747d88619ae05012033439e436de783c409341,...fr3_lo,95% lower bound
c1.k384/sym.BM25_coarse.fr3.hi,-0.827,pp,artifact:f05ba158-4c30-4cd7-b204-86524d3513e5,87319fed47eef34e55a1d7c851747d88619ae05012033439e436de783c409341,...fr3_hi,95% upper bound
c1.k384/sym.BM25_coarse.hit10,-1.135,pp,artifact:f05ba158-4c30-4cd7-b204-86524d3513e5,87319fed47eef34e55a1d7c851747d88619ae05012033439e436de783c409341,"table[k384/sym,BM25_coarse/-].hit10_pp","48 B/doc arm minus BM25, hit10"
c1.k384/sym.BM25_coarse.hit10.lo,-5.507,pp,artifact:f05ba158-4c30-4cd7-b204-86524d3513e5,87319fed47eef34e55a1d7c851747d88619ae05012033439e436de783c409341,...hit10_lo,95% lower bound
c1.k384/sym.BM25_coarse.hit10.hi,3.134,pp,artifact:f05ba158-4c30-4cd7-b204-86524d3513e5,87319fed47eef34e55a1d7c851747d88619ae05012033439e436de783c409341,...hit10_hi,95% upper bound
c1.k384/qscale.BM25_coarse.fr3,-1.113,pp,artifact:f05ba158-4c30-4cd7-b204-86524d3513e5,87319fed47eef34e55a1d7c851747d88619ae05012033439e436de783c409341,"table[k384/qscale,BM25_coarse/-].fr3_pp","48 B/doc arm minus BM25, fr3"
c1.k384/qscale.BM25_coarse.fr3.lo,-2.26,pp,artifact:f05ba158-4c30-4cd7-b204-86524d3513e5,87319fed47eef34e55a1d7c851747d88619ae05012033439e436de783c409341,...fr3_lo,95% lower bound
c1.k384/qscale.BM25_coarse.fr3.hi,0.052,pp,artifact:f05ba158-4c30-4cd7-b204-86524d3513e5,87319fed47eef34e55a1d7c851747d88619ae05012033439e436de783c409341,...fr3_hi,95% upper bound
c1.k384/qscale.BM25_coarse.hit10,2.553,pp,artifact:f05ba158-4c30-4cd7-b204-86524d3513e5,87319fed47eef34e55a1d7c851747d88619ae05012033439e436de783c409341,"table[k384/qscale,BM25_coarse/-].hit10_pp","48 B/doc arm minus BM25, hit10"
c1.k384/qscale.BM25_coarse.hit10.lo,-0.143,pp,artifact:f05ba158-4c30-4cd7-b204-86524d3513e5,87319fed47eef34e55a1d7c851747d88619ae05012033439e436de783c409341,...hit10_lo,95% lower bound
c1.k384/qscale.BM25_coarse.hit10.hi,5.502,pp,artifact:f05ba158-4c30-4cd7-b204-86524d3513e5,87319fed47eef34e55a1d7c851747d88619ae05012033439e436de783c409341,...hit10_hi,95% upper bound
c1.k96/sym.BM25_frozen.fr3,-13.181,pp,artifact:f05ba158-4c30-4cd7-b204-86524d3513e5,87319fed47eef34e55a1d7c851747d88619ae05012033439e436de783c409341,"table[k96/sym,BM25_frozen/-].fr3_pp","12 B/doc arm minus BM25, fr3"
c1.k96/sym.BM25_frozen.fr3.lo,-17.749,pp,artifact:f05ba158-4c30-4cd7-b204-86524d3513e5,87319fed47eef34e55a1d7c851747d88619ae05012033439e436de783c409341,...fr3_lo,95% lower bound
c1.k96/sym.BM25_frozen.fr3.hi,-9.185,pp,artifact:f05ba158-4c30-4cd7-b204-86524d3513e5,87319fed47eef34e55a1d7c851747d88619ae05012033439e436de783c409341,...fr3_hi,95% upper bound
c1.k96/sym.BM25_frozen.hit10,-15.177,pp,artifact:f05ba158-4c30-4cd7-b204-86524d3513e5,87319fed47eef34e55a1d7c851747d88619ae05012033439e436de783c409341,"table[k96/sym,BM25_frozen/-].hit10_pp","12 B/doc arm minus BM25, hit10"
c1.k96/sym.BM25_frozen.hit10.lo,-18.824,pp,artifact:f05ba158-4c30-4cd7-b204-86524d3513e5,87319fed47eef34e55a1d7c851747d88619ae05012033439e436de783c409341,...hit10_lo,95% lower bound
c1.k96/sym.BM25_frozen.hit10.hi,-11.741,pp,artifact:f05ba158-4c30-4cd7-b204-86524d3513e5,87319fed47eef34e55a1d7c851747d88619ae05012033439e436de783c409341,...hit10_hi,95% upper bound
c1.k96/qscale.BM25_frozen.fr3,-13.638,pp,artifact:f05ba158-4c30-4cd7-b204-86524d3513e5,87319fed47eef34e55a1d7c851747d88619ae05012033439e436de783c409341,"table[k96/qscale,BM25_frozen/-].fr3_pp","12 B/doc arm minus BM25, fr3"
c1.k96/qscale.BM25_frozen.fr3.lo,-18.638,pp,artifact:f05ba158-4c30-4cd7-b204-86524d3513e5,87319fed47eef34e55a1d7c851747d88619ae05012033439e436de783c409341,...fr3_lo,95% lower bound
c1.k96/qscale.BM25_frozen.fr3.hi,-9.058,pp,artifact:f05ba158-4c30-4cd7-b204-86524d3513e5,87319fed47eef34e55a1d7c851747d88619ae05012033439e436de783c409341,...fr3_hi,95% upper bound
c1.k96/qscale.BM25_frozen.hit10,-12.057,pp,artifact:f05ba158-4c30-4cd7-b204-86524d3513e5,87319fed47eef34e55a1d7c851747d88619ae05012033439e436de783c409341,"table[k96/qscale,BM25_frozen/-].hit10_pp","12 B/doc arm minus BM25, hit10"
c1.k96/qscale.BM25_frozen.hit10.lo,-17.549,pp,artifact:f05ba158-4c30-4cd7-b204-86524d3513e5,87319fed47eef34e55a1d7c851747d88619ae05012033439e436de783c409341,...hit10_lo,95% lower bound
c1.k96/qscale.BM25_frozen.hit10.hi,-6.695,pp,artifact:f05ba158-4c30-4cd7-b204-86524d3513e5,87319fed47eef34e55a1d7c851747d88619ae05012033439e436de783c409341,...hit10_hi,95% upper bound
c1.k192/sym.BM25_frozen.fr3,-7.487,pp,artifact:f05ba158-4c30-4cd7-b204-86524d3513e5,87319fed47eef34e55a1d7c851747d88619ae05012033439e436de783c409341,"table[k192/sym,BM25_frozen/-].fr3_pp","24 B/doc arm minus BM25, fr3"
c1.k192/sym.BM25_frozen.fr3.lo,-9.268,pp,artifact:f05ba158-4c30-4cd7-b204-86524d3513e5,87319fed47eef34e55a1d7c851747d88619ae05012033439e436de783c409341,...fr3_lo,95% lower bound
c1.k192/sym.BM25_frozen.fr3.hi,-6.076,pp,artifact:f05ba158-4c30-4cd7-b204-86524d3513e5,87319fed47eef34e55a1d7c851747d88619ae05012033439e436de783c409341,...fr3_hi,95% upper bound
c1.k192/sym.BM25_frozen.hit10,-9.929,pp,artifact:f05ba158-4c30-4cd7-b204-86524d3513e5,87319fed47eef34e55a1d7c851747d88619ae05012033439e436de783c409341,"table[k192/sym,BM25_frozen/-].hit10_pp","24 B/doc arm minus BM25, hit10"
c1.k192/sym.BM25_frozen.hit10.lo,-12.62,pp,artifact:f05ba158-4c30-4cd7-b204-86524d3513e5,87319fed47eef34e55a1d7c851747d88619ae05012033439e436de783c409341,...hit10_lo,95% lower bound
c1.k192/sym.BM25_frozen.hit10.hi,-7.265,pp,artifact:f05ba158-4c30-4cd7-b204-86524d3513e5,87319fed47eef34e55a1d7c851747d88619ae05012033439e436de783c409341,...hit10_hi,95% upper bound
c1.k192/qscale.BM25_frozen.fr3,-6.295,pp,artifact:f05ba158-4c30-4cd7-b204-86524d3513e5,87319fed47eef34e55a1d7c851747d88619ae05012033439e436de783c409341,"table[k192/qscale,BM25_frozen/-].fr3_pp","24 B/doc arm minus BM25, fr3"
c1.k192/qscale.BM25_frozen.fr3.lo,-8.674,pp,artifact:f05ba158-4c30-4cd7-b204-86524d3513e5,87319fed47eef34e55a1d7c851747d88619ae05012033439e436de783c409341,...fr3_lo,95% lower bound
c1.k192/qscale.BM25_frozen.fr3.hi,-4.086,pp,artifact:f05ba158-4c30-4cd7-b204-86524d3513e5,87319fed47eef34e55a1d7c851747d88619ae05012033439e436de783c409341,...fr3_hi,95% upper bound
c1.k192/qscale.BM25_frozen.hit10,-6.383,pp,artifact:f05ba158-4c30-4cd7-b204-86524d3513e5,87319fed47eef34e55a1d7c851747d88619ae05012033439e436de783c409341,"table[k192/qscale,BM25_frozen/-].hit10_pp","24 B/doc arm minus BM25, hit10"
c1.k192/qscale.BM25_frozen.hit10.lo,-9.944,pp,artifact:f05ba158-4c30-4cd7-b204-86524d3513e5,87319fed47eef34e55a1d7c851747d88619ae05012033439e436de783c409341,...hit10_lo,95% lower bound
c1.k192/qscale.BM25_frozen.hit10.hi,-2.263,pp,artifact:f05ba158-4c30-4cd7-b204-86524d3513e5,87319fed47eef34e55a1d7c851747d88619ae05012033439e436de783c409341,...hit10_hi,95% upper bound
c1.k384/sym.BM25_frozen.fr3,-4.565,pp,artifact:f05ba158-4c30-4cd7-b204-86524d3513e5,87319fed47eef34e55a1d7c851747d88619ae05012033439e436de783c409341,"table[k384/sym,BM25_frozen/-].fr3_pp","48 B/doc arm minus BM25, fr3"
c1.k384/sym.BM25_frozen.fr3.lo,-6.836,pp,artifact:f05ba158-4c30-4cd7-b204-86524d3513e5,87319fed47eef34e55a1d7c851747d88619ae05012033439e436de783c409341,...fr3_lo,95% lower bound
c1.k384/sym.BM25_frozen.fr3.hi,-2.162,pp,artifact:f05ba158-4c30-4cd7-b204-86524d3513e5,87319fed47eef34e55a1d7c851747d88619ae05012033439e436de783c409341,...fr3_hi,95% upper bound
c1.k384/sym.BM25_frozen.hit10,-7.518,pp,artifact:f05ba158-4c30-4cd7-b204-86524d3513e5,87319fed47eef34e55a1d7c851747d88619ae05012033439e436de783c409341,"table[k384/sym,BM25_frozen/-].hit10_pp","48 B/doc arm minus BM25, hit10"
c1.k384/sym.BM25_frozen.hit10.lo,-10.854,pp,artifact:f05ba158-4c30-4cd7-b204-86524d3513e5,87319fed47eef34e55a1d7c851747d88619ae05012033439e436de783c409341,...hit10_lo,95% lower bound
c1.k384/sym.BM25_frozen.hit10.hi,-4.286,pp,artifact:f05ba158-4c30-4cd7-b204-86524d3513e5,87319fed47eef34e55a1d7c851747d88619ae05012033439e436de783c409341,...hit10_hi,95% upper bound
c1.k384/qscale.BM25_frozen.fr3,-3.256,pp,artifact:f05ba158-4c30-4cd7-b204-86524d3513e5,87319fed47eef34e55a1d7c851747d88619ae05012033439e436de783c409341,"table[k384/qscale,BM25_frozen/-].fr3_pp","48 B/doc arm minus BM25, fr3"
c1.k384/qscale.BM25_frozen.fr3.lo,-5.799,pp,artifact:f05ba158-4c30-4cd7-b204-86524d3513e5,87319fed47eef34e55a1d7c851747d88619ae05012033439e436de783c409341,...fr3_lo,95% lower bound
c1.k384/qscale.BM25_frozen.fr3.hi,-0.947,pp,artifact:f05ba158-4c30-4cd7-b204-86524d3513e5,87319fed47eef34e55a1d7c851747d88619ae05012033439e436de783c409341,...fr3_hi,95% upper bound
c1.k384/qscale.BM25_frozen.hit10,-3.83,pp,artifact:f05ba158-4c30-4cd7-b204-86524d3513e5,87319fed47eef34e55a1d7c851747d88619ae05012033439e436de783c409341,"table[k384/qscale,BM25_frozen/-].hit10_pp","48 B/doc arm minus BM25, hit10"
c1.k384/qscale.BM25_frozen.hit10.lo,-5.742,pp,artifact:f05ba158-4c30-4cd7-b204-86524d3513e5,87319fed47eef34e55a1d7c851747d88619ae05012033439e436de783c409341,...hit10_lo,95% lower bound
c1.k384/qscale.BM25_frozen.hit10.hi,-2.098,pp,artifact:f05ba158-4c30-4cd7-b204-86524d3513e5,87319fed47eef34e55a1d7c851747d88619ae05012033439e436de783c409341,...hit10_hi,95% upper bound
c1.fidelity,"{""differing_bits"": 0, ""n_bits"": 858624}",json,artifact:f05ba158-4c30-4cd7-b204-86524d3513e5,87319fed47eef34e55a1d7c851747d88619ae05012033439e436de783c409341,fidelity_gate,producer fidelity gate
locomo_gap.mean.A_project,40.955516808903546,pp,artifact:b9f3fc00-cbc3-47db-b6eb-d10374b596d7,954df7aa2bf2028858b7663805897ad686c30627911e03b241e45fda634cc1c8,means_pp.A_project,BM25 FR@3 under document-unit arm
locomo_gap.mean.B_no_captions,40.00212763564468,pp,artifact:b9f3fc00-cbc3-47db-b6eb-d10374b596d7,954df7aa2bf2028858b7663805897ad686c30627911e03b241e45fda634cc1c8,means_pp.B_no_captions,BM25 FR@3 under document-unit arm
locomo_gap.mean.C_plus_timestamps,43.63249835070594,pp,artifact:b9f3fc00-cbc3-47db-b6eb-d10374b596d7,954df7aa2bf2028858b7663805897ad686c30627911e03b241e45fda634cc1c8,means_pp.C_plus_timestamps,BM25 FR@3 under document-unit arm
locomo_gap.mean.D_external_text,42.87879813926529,pp,artifact:b9f3fc00-cbc3-47db-b6eb-d10374b596d7,954df7aa2bf2028858b7663805897ad686c30627911e03b241e45fda634cc1c8,means_pp.D_external_text,BM25 FR@3 under document-unit arm
locomo_gap.mean.E_external_end_to_end,42.958167958048485,pp,artifact:b9f3fc00-cbc3-47db-b6eb-d10374b596d7,954df7aa2bf2028858b7663805897ad686c30627911e03b241e45fda634cc1c8,means_pp.E_external_end_to_end,BM25 FR@3 under document-unit arm
locomo_gap.total_gap_from_project,1.9139431910964504,pp,artifact:b9f3fc00-cbc3-47db-b6eb-d10374b596d7,954df7aa2bf2028858b7663805897ad686c30627911e03b241e45fda634cc1c8,decomposition_pp.total_gap_from_project,gap decomposition
locomo_gap.document_unit,1.9232813303617462,pp,artifact:b9f3fc00-cbc3-47db-b6eb-d10374b596d7,954df7aa2bf2028858b7663805897ad686c30627911e03b241e45fda634cc1c8,decomposition_pp.document_unit,gap decomposition
locomo_gap.image_captions_alone,-0.9533891732588629,pp,artifact:b9f3fc00-cbc3-47db-b6eb-d10374b596d7,954df7aa2bf2028858b7663805897ad686c30627911e03b241e45fda634cc1c8,decomposition_pp.image_captions_alone,gap decomposition
locomo_gap.timestamps_alone,2.676981541802391,pp,artifact:b9f3fc00-cbc3-47db-b6eb-d10374b596d7,954df7aa2bf2028858b7663805897ad686c30627911e03b241e45fda634cc1c8,decomposition_pp.timestamps_alone,gap decomposition
locomo_gap.residual_after_document_unit,-0.009338139265295808,pp,artifact:b9f3fc00-cbc3-47db-b6eb-d10374b596d7,954df7aa2bf2028858b7663805897ad686c30627911e03b241e45fda634cc1c8,decomposition_pp.residual_after_document_unit,gap decomposition
locomo_gap.arm_E_minus_reported,0.08870795804848797,pp,artifact:b9f3fc00-cbc3-47db-b6eb-d10374b596d7,954df7aa2bf2028858b7663805897ad686c30627911e03b241e45fda634cc1c8,decomposition_pp.arm_E_minus_reported,gap decomposition
locomo_gap.captions_docs,1226,count,artifact:b9f3fc00-cbc3-47db-b6eb-d10374b596d7,954df7aa2bf2028858b7663805897ad686c30627911e03b241e45fda634cc1c8,document_differences_found.project_appends_image_captions,documents with appended image captions
locomo_gap.external_reported,42.86946,pp,artifact:b9f3fc00-cbc3-47db-b6eb-d10374b596d7,954df7aa2bf2028858b7663805897ad686c30627911e03b241e45fda634cc1c8,external_reported.value,external package fr3
locomo_gap.external_n,1531,count,artifact:b9f3fc00-cbc3-47db-b6eb-d10374b596d7,954df7aa2bf2028858b7663805897ad686c30627911e03b241e45fda634cc1c8,external_reported.n,external package cohort
locomo_gap.analyser_loose,37.66724010697953,pp,artifact:f8fb5142-b8fc-4def-b684-d1defa6348f4,05454f684b946edd93eb7c90f09b9eb7387c36a50071a7a2bb9817af724a7df6,means_pp.loose,"BM25 FR@3, loose analyser"
locomo_gap.analyser_frozen,40.955516808903546,pp,artifact:f8fb5142-b8fc-4def-b684-d1defa6348f4,05454f684b946edd93eb7c90f09b9eb7387c36a50071a7a2bb9817af724a7df6,means_pp.frozen,"BM25 FR@3, frozen analyser"
locomo_gap.analyser_external,40.955516808903546,pp,artifact:f8fb5142-b8fc-4def-b684-d1defa6348f4,05454f684b946edd93eb7c90f09b9eb7387c36a50071a7a2bb9817af724a7df6,means_pp.external_1_2gram,"BM25 FR@3, external analyser"
p4.units,49,count,artifact:fb2bf452-8989-4c11-ad14-cbaf31d66285,c250317397fa41b99b13db72e17fc0699eeb83c3ef433df530504952344f5260,units_total,claim units in the reading layer
p4.retrieval_units,37,count,artifact:fb2bf452-8989-4c11-ad14-cbaf31d66285,c250317397fa41b99b13db72e17fc0699eeb83c3ef433df530504952344f5260,units_retrieval_estimand,retrieval claims
p4.names.scorer,14,count,artifact:fb2bf452-8989-4c11-ad14-cbaf31d66285,c250317397fa41b99b13db72e17fc0699eeb83c3ef433df530504952344f5260,coverage_over_retrieval_units.scorer,retrieval claims naming this field
p4.names.reference,15,count,artifact:fb2bf452-8989-4c11-ad14-cbaf31d66285,c250317397fa41b99b13db72e17fc0699eeb83c3ef433df530504952344f5260,coverage_over_retrieval_units.reference,retrieval claims naming this field
p4.names.tie,6,count,artifact:fb2bf452-8989-4c11-ad14-cbaf31d66285,c250317397fa41b99b13db72e17fc0699eeb83c3ef433df530504952344f5260,coverage_over_retrieval_units.tie,retrieval claims naming this field
p4.names.metric,11,count,artifact:fb2bf452-8989-4c11-ad14-cbaf31d66285,c250317397fa41b99b13db72e17fc0699eeb83c3ef433df530504952344f5260,coverage_over_retrieval_units.metric,retrieval claims naming this field
p4.names.cohort,20,count,artifact:fb2bf452-8989-4c11-ad14-cbaf31d66285,c250317397fa41b99b13db72e17fc0699eeb83c3ef433df530504952344f5260,coverage_over_retrieval_units.cohort,retrieval claims naming this field
p4.all_five,0,count,artifact:fb2bf452-8989-4c11-ad14-cbaf31d66285,c250317397fa41b99b13db72e17fc0699eeb83c3ef433df530504952344f5260,name_all_five,retrieval claims naming all five fields
p4.trace.claims_citing_a_source_file,8,count,artifact:fb2bf452-8989-4c11-ad14-cbaf31d66285,c250317397fa41b99b13db72e17fc0699eeb83c3ef433df530504952344f5260,provenance_tracing.claims_citing_a_source_file,claim provenance tracing
p4.trace.traced_to_exactly_one_artefact,18,count,artifact:fb2bf452-8989-4c11-ad14-cbaf31d66285,c250317397fa41b99b13db72e17fc0699eeb83c3ef433df530504952344f5260,provenance_tracing.traced_to_exactly_one_artefact,claim provenance tracing
p4.trace.narrowed_to_two_or_three,10,count,artifact:fb2bf452-8989-4c11-ad14-cbaf31d66285,c250317397fa41b99b13db72e17fc0699eeb83c3ef433df530504952344f5260,provenance_tracing.narrowed_to_two_or_three,claim provenance tracing
p4.trace.ambiguous_or_untraced,9,count,artifact:fb2bf452-8989-4c11-ad14-cbaf31d66285,c250317397fa41b99b13db72e17fc0699eeb83c3ef433df530504952344f5260,provenance_tracing.ambiguous_or_untraced,claim provenance tracing
p4.trace.artefacts_indexed,578,count,artifact:fb2bf452-8989-4c11-ad14-cbaf31d66285,c250317397fa41b99b13db72e17fc0699eeb83c3ef433df530504952344f5260,provenance_tracing.artefacts_indexed,claim provenance tracing
n2.project.n,1535,count,artifact:c7547751-16b4-479a-94a4-ba611e5b9def,be6f5e98d5563af9e4f1f15699f130d239793b3cad81caa497a4fc03c9185b2b,project.n_queries,queries
n2.project.n_rare,950,count,artifact:c7547751-16b4-479a-94a4-ba611e5b9def,be6f5e98d5563af9e4f1f15699f130d239793b3cad81caa497a4fc03c9185b2b,project.n_rare,rare-bucket queries
n2.project.rare_bucket_fr3.raw_96,24.816385661122503,pp,artifact:c7547751-16b4-479a-94a4-ba611e5b9def,be6f5e98d5563af9e4f1f15699f130d239793b3cad81caa497a4fc03c9185b2b,project.rare_bucket_fr3.raw_96,FR@3
n2.project.rare_bucket_fr3.raw_192,32.961247816510976,pp,artifact:c7547751-16b4-479a-94a4-ba611e5b9def,be6f5e98d5563af9e4f1f15699f130d239793b3cad81caa497a4fc03c9185b2b,project.rare_bucket_fr3.raw_192,FR@3
n2.project.rare_bucket_fr3.raw_384,40.12791448317763,pp,artifact:c7547751-16b4-479a-94a4-ba611e5b9def,be6f5e98d5563af9e4f1f15699f130d239793b3cad81caa497a4fc03c9185b2b,project.rare_bucket_fr3.raw_384,FR@3
n2.project.rare_bucket_fr3.raw_full,43.809368117262856,pp,artifact:c7547751-16b4-479a-94a4-ba611e5b9def,be6f5e98d5563af9e4f1f15699f130d239793b3cad81caa497a4fc03c9185b2b,project.rare_bucket_fr3.raw_full,FR@3
n2.project.rare_bucket_fr3.std_96,39.330041011619954,pp,artifact:c7547751-16b4-479a-94a4-ba611e5b9def,be6f5e98d5563af9e4f1f15699f130d239793b3cad81caa497a4fc03c9185b2b,project.rare_bucket_fr3.std_96,FR@3
n2.project.rare_bucket_fr3.std_192,60.02711703501177,pp,artifact:c7547751-16b4-479a-94a4-ba611e5b9def,be6f5e98d5563af9e4f1f15699f130d239793b3cad81caa497a4fc03c9185b2b,project.rare_bucket_fr3.std_192,FR@3
n2.project.rare_bucket_fr3.std_384,66.63919267866636,pp,artifact:c7547751-16b4-479a-94a4-ba611e5b9def,be6f5e98d5563af9e4f1f15699f130d239793b3cad81caa497a4fc03c9185b2b,project.rare_bucket_fr3.std_384,FR@3
n2.project.rare_bucket_fr3.std_full,64.32218804587225,pp,artifact:c7547751-16b4-479a-94a4-ba611e5b9def,be6f5e98d5563af9e4f1f15699f130d239793b3cad81caa497a4fc03c9185b2b,project.rare_bucket_fr3.std_full,FR@3
n2.project.rare_bucket_fr3.sym_96,33.4337451248442,pp,artifact:c7547751-16b4-479a-94a4-ba611e5b9def,be6f5e98d5563af9e4f1f15699f130d239793b3cad81caa497a4fc03c9185b2b,project.rare_bucket_fr3.sym_96,FR@3
n2.project.rare_bucket_fr3.sym_192,54.60652879971766,pp,artifact:c7547751-16b4-479a-94a4-ba611e5b9def,be6f5e98d5563af9e4f1f15699f130d239793b3cad81caa497a4fc03c9185b2b,project.rare_bucket_fr3.sym_192,FR@3
n2.project.rare_bucket_fr3.sym_384,65.20277018303334,pp,artifact:c7547751-16b4-479a-94a4-ba611e5b9def,be6f5e98d5563af9e4f1f15699f130d239793b3cad81caa497a4fc03c9185b2b,project.rare_bucket_fr3.sym_384,FR@3
n2.project.rare_bucket_fr3.sym_full,59.8475468975469,pp,artifact:c7547751-16b4-479a-94a4-ba611e5b9def,be6f5e98d5563af9e4f1f15699f130d239793b3cad81caa497a4fc03c9185b2b,project.rare_bucket_fr3.sym_full,FR@3
n2.project.rare_bucket_fr3.cache_sym96,35.38501556922609,pp,artifact:c7547751-16b4-479a-94a4-ba611e5b9def,be6f5e98d5563af9e4f1f15699f130d239793b3cad81caa497a4fc03c9185b2b,project.rare_bucket_fr3.cache_sym96,FR@3
n2.project.rare_bucket_fr3.bm25,63.62085137085137,pp,artifact:c7547751-16b4-479a-94a4-ba611e5b9def,be6f5e98d5563af9e4f1f15699f130d239793b3cad81caa497a4fc03c9185b2b,project.rare_bucket_fr3.bm25,FR@3
n2.project.all_queries_fr3.raw_96,17.256612189836947,pp,artifact:c7547751-16b4-479a-94a4-ba611e5b9def,be6f5e98d5563af9e4f1f15699f130d239793b3cad81caa497a4fc03c9185b2b,project.all_queries_fr3.raw_96,FR@3
n2.project.all_queries_fr3.raw_192,22.03139115679832,pp,artifact:c7547751-16b4-479a-94a4-ba611e5b9def,be6f5e98d5563af9e4f1f15699f130d239793b3cad81caa497a4fc03c9185b2b,project.all_queries_fr3.raw_192,FR@3
n2.project.all_queries_fr3.raw_384,26.442435053184237,pp,artifact:c7547751-16b4-479a-94a4-ba611e5b9def,be6f5e98d5563af9e4f1f15699f130d239793b3cad81caa497a4fc03c9185b2b,project.all_queries_fr3.raw_384,FR@3
n2.project.all_queries_fr3.raw_full,28.592737519447613,pp,artifact:c7547751-16b4-479a-94a4-ba611e5b9def,be6f5e98d5563af9e4f1f15699f130d239793b3cad81caa497a4fc03c9185b2b,project.all_queries_fr3.raw_full,FR@3
n2.project.all_queries_fr3.std_96,26.40621430686577,pp,artifact:c7547751-16b4-479a-94a4-ba611e5b9def,be6f5e98d5563af9e4f1f15699f130d239793b3cad81caa497a4fc03c9185b2b,project.all_queries_fr3.std_96,FR@3
n2.project.all_queries_fr3.std_192,39.41091933762944,pp,artifact:c7547751-16b4-479a-94a4-ba611e5b9def,be6f5e98d5563af9e4f1f15699f130d239793b3cad81caa497a4fc03c9185b2b,project.all_queries_fr3.std_192,FR@3
n2.project.all_queries_fr3.std_384,43.59863173381089,pp,artifact:c7547751-16b4-479a-94a4-ba611e5b9def,be6f5e98d5563af9e4f1f15699f130d239793b3cad81caa497a4fc03c9185b2b,project.all_queries_fr3.std_384,FR@3
n2.project.all_queries_fr3.std_full,42.08322170048554,pp,artifact:c7547751-16b4-479a-94a4-ba611e5b9def,be6f5e98d5563af9e4f1f15699f130d239793b3cad81caa497a4fc03c9185b2b,project.all_queries_fr3.std_full,FR@3
n2.project.all_queries_fr3.sym_96,22.597130231686663,pp,artifact:c7547751-16b4-479a-94a4-ba611e5b9def,be6f5e98d5563af9e4f1f15699f130d239793b3cad81caa497a4fc03c9185b2b,project.all_queries_fr3.sym_96,FR@3
n2.project.all_queries_fr3.sym_192,35.88243367626391,pp,artifact:c7547751-16b4-479a-94a4-ba611e5b9def,be6f5e98d5563af9e4f1f15699f130d239793b3cad81caa497a4fc03c9185b2b,project.all_queries_fr3.sym_192,FR@3
n2.project.all_queries_fr3.sym_384,42.26447231740392,pp,artifact:c7547751-16b4-479a-94a4-ba611e5b9def,be6f5e98d5563af9e4f1f15699f130d239793b3cad81caa497a4fc03c9185b2b,project.all_queries_fr3.sym_384,FR@3
n2.project.all_queries_fr3.sym_full,39.20206485515932,pp,artifact:c7547751-16b4-479a-94a4-ba611e5b9def,be6f5e98d5563af9e4f1f15699f130d239793b3cad81caa497a4fc03c9185b2b,project.all_queries_fr3.sym_full,FR@3
n2.project.all_queries_fr3.cache_sym96,23.790671959238733,pp,artifact:c7547751-16b4-479a-94a4-ba611e5b9def,be6f5e98d5563af9e4f1f15699f130d239793b3cad81caa497a4fc03c9185b2b,project.all_queries_fr3.cache_sym96,FR@3
n2.project.all_queries_fr3.bm25,40.955516808903546,pp,artifact:c7547751-16b4-479a-94a4-ba611e5b9def,be6f5e98d5563af9e4f1f15699f130d239793b3cad81caa497a4fc03c9185b2b,project.all_queries_fr3.bm25,FR@3
n2.project.rare.sym_384-bm25,1.5819188121819698,pp,artifact:c7547751-16b4-479a-94a4-ba611e5b9def,be6f5e98d5563af9e4f1f15699f130d239793b3cad81caa497a4fc03c9185b2b,project.contrasts.sym_384-bm25.delta_pp,FR@3 contrast
n2.project.rare.sym_384-bm25.lo,-0.7344047620581535,pp,artifact:c7547751-16b4-479a-94a4-ba611e5b9def,be6f5e98d5563af9e4f1f15699f130d239793b3cad81caa497a4fc03c9185b2b,project.contrasts.sym_384-bm25.ci95[0],95% lower
n2.project.rare.sym_384-bm25.hi,3.876293786871005,pp,artifact:c7547751-16b4-479a-94a4-ba611e5b9def,be6f5e98d5563af9e4f1f15699f130d239793b3cad81caa497a4fc03c9185b2b,project.contrasts.sym_384-bm25.ci95[1],95% upper
n2.project.rare.sym_384-bm25.sig,False,bool,artifact:c7547751-16b4-479a-94a4-ba611e5b9def,be6f5e98d5563af9e4f1f15699f130d239793b3cad81caa497a4fc03c9185b2b,project.contrasts.sym_384-bm25.significant,
n2.project.rare.sym_full-bm25,-3.773304473304474,pp,artifact:c7547751-16b4-479a-94a4-ba611e5b9def,be6f5e98d5563af9e4f1f15699f130d239793b3cad81caa497a4fc03c9185b2b,project.contrasts.sym_full-bm25.delta_pp,FR@3 contrast
n2.project.rare.sym_full-bm25.lo,-6.50957900957901,pp,artifact:c7547751-16b4-479a-94a4-ba611e5b9def,be6f5e98d5563af9e4f1f15699f130d239793b3cad81caa497a4fc03c9185b2b,project.contrasts.sym_full-bm25.ci95[0],95% lower
n2.project.rare.sym_full-bm25.hi,-0.6324322344351301,pp,artifact:c7547751-16b4-479a-94a4-ba611e5b9def,be6f5e98d5563af9e4f1f15699f130d239793b3cad81caa497a4fc03c9185b2b,project.contrasts.sym_full-bm25.ci95[1],95% upper
n2.project.rare.sym_full-bm25.sig,True,bool,artifact:c7547751-16b4-479a-94a4-ba611e5b9def,be6f5e98d5563af9e4f1f15699f130d239793b3cad81caa497a4fc03c9185b2b,project.contrasts.sym_full-bm25.significant,
n2.project.rare.std_384-bm25,3.0183413078149917,pp,artifact:c7547751-16b4-479a-94a4-ba611e5b9def,be6f5e98d5563af9e4f1f15699f130d239793b3cad81caa497a4fc03c9185b2b,project.contrasts.std_384-bm25.delta_pp,FR@3 contrast
n2.project.rare.std_384-bm25.lo,0.27302998128004324,pp,artifact:c7547751-16b4-479a-94a4-ba611e5b9def,be6f5e98d5563af9e4f1f15699f130d239793b3cad81caa497a4fc03c9185b2b,project.contrasts.std_384-bm25.ci95[0],95% lower
n2.project.rare.std_384-bm25.hi,5.637568731392748,pp,artifact:c7547751-16b4-479a-94a4-ba611e5b9def,be6f5e98d5563af9e4f1f15699f130d239793b3cad81caa497a4fc03c9185b2b,project.contrasts.std_384-bm25.ci95[1],95% upper
n2.project.rare.std_384-bm25.sig,True,bool,artifact:c7547751-16b4-479a-94a4-ba611e5b9def,be6f5e98d5563af9e4f1f15699f130d239793b3cad81caa497a4fc03c9185b2b,project.contrasts.std_384-bm25.significant,
n2.project.rare.raw_full-bm25,-19.811483253588516,pp,artifact:c7547751-16b4-479a-94a4-ba611e5b9def,be6f5e98d5563af9e4f1f15699f130d239793b3cad81caa497a4fc03c9185b2b,project.contrasts.raw_full-bm25.delta_pp,FR@3 contrast
n2.project.rare.raw_full-bm25.lo,-24.19962664514256,pp,artifact:c7547751-16b4-479a-94a4-ba611e5b9def,be6f5e98d5563af9e4f1f15699f130d239793b3cad81caa497a4fc03c9185b2b,project.contrasts.raw_full-bm25.ci95[0],95% lower
n2.project.rare.raw_full-bm25.hi,-15.51776775116884,pp,artifact:c7547751-16b4-479a-94a4-ba611e5b9def,be6f5e98d5563af9e4f1f15699f130d239793b3cad81caa497a4fc03c9185b2b,project.contrasts.raw_full-bm25.ci95[1],95% upper
n2.project.rare.raw_full-bm25.sig,True,bool,artifact:c7547751-16b4-479a-94a4-ba611e5b9def,be6f5e98d5563af9e4f1f15699f130d239793b3cad81caa497a4fc03c9185b2b,project.contrasts.raw_full-bm25.significant,
n2.project.rare.sym_384-sym_96,31.769025058189143,pp,artifact:c7547751-16b4-479a-94a4-ba611e5b9def,be6f5e98d5563af9e4f1f15699f130d239793b3cad81caa497a4fc03c9185b2b,project.contrasts.sym_384-sym_96.delta_pp,FR@3 contrast
n2.project.rare.sym_384-sym_96.lo,27.57992953299711,pp,artifact:c7547751-16b4-479a-94a4-ba611e5b9def,be6f5e98d5563af9e4f1f15699f130d239793b3cad81caa497a4fc03c9185b2b,project.contrasts.sym_384-sym_96.ci95[0],95% lower
n2.project.rare.sym_384-sym_96.hi,35.95377930992941,pp,artifact:c7547751-16b4-479a-94a4-ba611e5b9def,be6f5e98d5563af9e4f1f15699f130d239793b3cad81caa497a4fc03c9185b2b,project.contrasts.sym_384-sym_96.ci95[1],95% upper
n2.project.rare.sym_384-sym_96.sig,True,bool,artifact:c7547751-16b4-479a-94a4-ba611e5b9def,be6f5e98d5563af9e4f1f15699f130d239793b3cad81caa497a4fc03c9185b2b,project.contrasts.sym_384-sym_96.significant,
n2.project.all.sym_384-bm25,1.3089555085003604,pp,artifact:c7547751-16b4-479a-94a4-ba611e5b9def,be6f5e98d5563af9e4f1f15699f130d239793b3cad81caa497a4fc03c9185b2b,project.contrasts_all_queries.sym_384-bm25.delta_pp,FR@3 contrast
n2.project.all.sym_384-bm25.lo,-0.34095966594918553,pp,artifact:c7547751-16b4-479a-94a4-ba611e5b9def,be6f5e98d5563af9e4f1f15699f130d239793b3cad81caa497a4fc03c9185b2b,project.contrasts_all_queries.sym_384-bm25.ci95[0],95% lower
n2.project.all.sym_384-bm25.hi,3.051439692826087,pp,artifact:c7547751-16b4-479a-94a4-ba611e5b9def,be6f5e98d5563af9e4f1f15699f130d239793b3cad81caa497a4fc03c9185b2b,project.contrasts_all_queries.sym_384-bm25.ci95[1],95% upper
n2.project.all.sym_384-bm25.sig,False,bool,artifact:c7547751-16b4-479a-94a4-ba611e5b9def,be6f5e98d5563af9e4f1f15699f130d239793b3cad81caa497a4fc03c9185b2b,project.contrasts_all_queries.sym_384-bm25.significant,
n2.project.all.sym_full-bm25,-1.7534519537442352,pp,artifact:c7547751-16b4-479a-94a4-ba611e5b9def,be6f5e98d5563af9e4f1f15699f130d239793b3cad81caa497a4fc03c9185b2b,project.contrasts_all_queries.sym_full-bm25.delta_pp,FR@3 contrast
n2.project.all.sym_full-bm25.lo,-3.6120388861781803,pp,artifact:c7547751-16b4-479a-94a4-ba611e5b9def,be6f5e98d5563af9e4f1f15699f130d239793b3cad81caa497a4fc03c9185b2b,project.contrasts_all_queries.sym_full-bm25.ci95[0],95% lower
n2.project.all.sym_full-bm25.hi,0.6792780627611752,pp,artifact:c7547751-16b4-479a-94a4-ba611e5b9def,be6f5e98d5563af9e4f1f15699f130d239793b3cad81caa497a4fc03c9185b2b,project.contrasts_all_queries.sym_full-bm25.ci95[1],95% upper
n2.project.all.sym_full-bm25.sig,False,bool,artifact:c7547751-16b4-479a-94a4-ba611e5b9def,be6f5e98d5563af9e4f1f15699f130d239793b3cad81caa497a4fc03c9185b2b,project.contrasts_all_queries.sym_full-bm25.significant,
n2.project.all.std_384-bm25,2.643114924907334,pp,artifact:c7547751-16b4-479a-94a4-ba611e5b9def,be6f5e98d5563af9e4f1f15699f130d239793b3cad81caa497a4fc03c9185b2b,project.contrasts_all_queries.std_384-bm25.delta_pp,FR@3 contrast
n2.project.all.std_384-bm25.lo,0.812601489228451,pp,artifact:c7547751-16b4-479a-94a4-ba611e5b9def,be6f5e98d5563af9e4f1f15699f130d239793b3cad81caa497a4fc03c9185b2b,project.contrasts_all_queries.std_384-bm25.ci95[0],95% lower
n2.project.all.std_384-bm25.hi,4.48977298269274,pp,artifact:c7547751-16b4-479a-94a4-ba611e5b9def,be6f5e98d5563af9e4f1f15699f130d239793b3cad81caa497a4fc03c9185b2b,project.contrasts_all_queries.std_384-bm25.ci95[1],95% upper
n2.project.all.std_384-bm25.sig,True,bool,artifact:c7547751-16b4-479a-94a4-ba611e5b9def,be6f5e98d5563af9e4f1f15699f130d239793b3cad81caa497a4fc03c9185b2b,project.contrasts_all_queries.std_384-bm25.significant,
n2.project.all.raw_full-bm25,-12.362779289455936,pp,artifact:c7547751-16b4-479a-94a4-ba611e5b9def,be6f5e98d5563af9e4f1f15699f130d239793b3cad81caa497a4fc03c9185b2b,project.contrasts_all_queries.raw_full-bm25.delta_pp,FR@3 contrast
n2.project.all.raw_full-bm25.lo,-15.470388513327492,pp,artifact:c7547751-16b4-479a-94a4-ba611e5b9def,be6f5e98d5563af9e4f1f15699f130d239793b3cad81caa497a4fc03c9185b2b,project.contrasts_all_queries.raw_full-bm25.ci95[0],95% lower
n2.project.all.raw_full-bm25.hi,-9.50200322059546,pp,artifact:c7547751-16b4-479a-94a4-ba611e5b9def,be6f5e98d5563af9e4f1f15699f130d239793b3cad81caa497a4fc03c9185b2b,project.contrasts_all_queries.raw_full-bm25.ci95[1],95% upper
n2.project.all.raw_full-bm25.sig,True,bool,artifact:c7547751-16b4-479a-94a4-ba611e5b9def,be6f5e98d5563af9e4f1f15699f130d239793b3cad81caa497a4fc03c9185b2b,project.contrasts_all_queries.raw_full-bm25.significant,
n2.project.all.sym_384-sym_96,19.66734208571725,pp,artifact:c7547751-16b4-479a-94a4-ba611e5b9def,be6f5e98d5563af9e4f1f15699f130d239793b3cad81caa497a4fc03c9185b2b,project.contrasts_all_queries.sym_384-sym_96.delta_pp,FR@3 contrast
n2.project.all.sym_384-sym_96.lo,16.64554404107459,pp,artifact:c7547751-16b4-479a-94a4-ba611e5b9def,be6f5e98d5563af9e4f1f15699f130d239793b3cad81caa497a4fc03c9185b2b,project.contrasts_all_queries.sym_384-sym_96.ci95[0],95% lower
n2.project.all.sym_384-sym_96.hi,22.898944021481682,pp,artifact:c7547751-16b4-479a-94a4-ba611e5b9def,be6f5e98d5563af9e4f1f15699f130d239793b3cad81caa497a4fc03c9185b2b,project.contrasts_all_queries.sym_384-sym_96.ci95[1],95% upper
n2.project.all.sym_384-sym_96.sig,True,bool,artifact:c7547751-16b4-479a-94a4-ba611e5b9def,be6f5e98d5563af9e4f1f15699f130d239793b3cad81caa497a4fc03c9185b2b,project.contrasts_all_queries.sym_384-sym_96.significant,
n2.external.n,1535,count,artifact:c7547751-16b4-479a-94a4-ba611e5b9def,be6f5e98d5563af9e4f1f15699f130d239793b3cad81caa497a4fc03c9185b2b,external.n_queries,queries
n2.external.n_rare,947,count,artifact:c7547751-16b4-479a-94a4-ba611e5b9def,be6f5e98d5563af9e4f1f15699f130d239793b3cad81caa497a4fc03c9185b2b,external.n_rare,rare-bucket queries
n2.external.rare_bucket_fr3.raw_96,47.52331578050567,pp,artifact:c7547751-16b4-479a-94a4-ba611e5b9def,be6f5e98d5563af9e4f1f15699f130d239793b3cad81caa497a4fc03c9185b2b,external.rare_bucket_fr3.raw_96,FR@3
n2.external.rare_bucket_fr3.raw_192,56.26244184275738,pp,artifact:c7547751-16b4-479a-94a4-ba611e5b9def,be6f5e98d5563af9e4f1f15699f130d239793b3cad81caa497a4fc03c9185b2b,external.rare_bucket_fr3.raw_192,FR@3
n2.external.rare_bucket_fr3.raw_384,62.73802890968554,pp,artifact:c7547751-16b4-479a-94a4-ba611e5b9def,be6f5e98d5563af9e4f1f15699f130d239793b3cad81caa497a4fc03c9185b2b,external.rare_bucket_fr3.raw_384,FR@3
n2.external.rare_bucket_fr3.raw_full,64.51909191566934,pp,artifact:c7547751-16b4-479a-94a4-ba611e5b9def,be6f5e98d5563af9e4f1f15699f130d239793b3cad81caa497a4fc03c9185b2b,external.rare_bucket_fr3.raw_full,FR@3
n2.external.rare_bucket_fr3.std_96,56.89858148628879,pp,artifact:c7547751-16b4-479a-94a4-ba611e5b9def,be6f5e98d5563af9e4f1f15699f130d239793b3cad81caa497a4fc03c9185b2b,external.rare_bucket_fr3.std_96,FR@3
n2.external.rare_bucket_fr3.std_192,66.71058907067355,pp,artifact:c7547751-16b4-479a-94a4-ba611e5b9def,be6f5e98d5563af9e4f1f15699f130d239793b3cad81caa497a4fc03c9185b2b,external.rare_bucket_fr3.std_192,FR@3
n2.external.rare_bucket_fr3.std_384,68.34038453626627,pp,artifact:c7547751-16b4-479a-94a4-ba611e5b9def,be6f5e98d5563af9e4f1f15699f130d239793b3cad81caa497a4fc03c9185b2b,external.rare_bucket_fr3.std_384,FR@3
n2.external.rare_bucket_fr3.std_full,66.243118315452,pp,artifact:c7547751-16b4-479a-94a4-ba611e5b9def,be6f5e98d5563af9e4f1f15699f130d239793b3cad81caa497a4fc03c9185b2b,external.rare_bucket_fr3.std_full,FR@3
n2.external.rare_bucket_fr3.sym_96,43.87869683408226,pp,artifact:c7547751-16b4-479a-94a4-ba611e5b9def,be6f5e98d5563af9e4f1f15699f130d239793b3cad81caa497a4fc03c9185b2b,external.rare_bucket_fr3.sym_96,FR@3
n2.external.rare_bucket_fr3.sym_192,59.28140204275368,pp,artifact:c7547751-16b4-479a-94a4-ba611e5b9def,be6f5e98d5563af9e4f1f15699f130d239793b3cad81caa497a4fc03c9185b2b,external.rare_bucket_fr3.sym_192,FR@3
n2.external.rare_bucket_fr3.sym_384,64.9066010840034,pp,artifact:c7547751-16b4-479a-94a4-ba611e5b9def,be6f5e98d5563af9e4f1f15699f130d239793b3cad81caa497a4fc03c9185b2b,external.rare_bucket_fr3.sym_384,FR@3
n2.external.rare_bucket_fr3.sym_full,60.623359100127836,pp,artifact:c7547751-16b4-479a-94a4-ba611e5b9def,be6f5e98d5563af9e4f1f15699f130d239793b3cad81caa497a4fc03c9185b2b,external.rare_bucket_fr3.sym_full,FR@3
n2.external.rare_bucket_fr3.cache_sym96,35.44431340101878,pp,artifact:c7547751-16b4-479a-94a4-ba611e5b9def,be6f5e98d5563af9e4f1f15699f130d239793b3cad81caa497a4fc03c9185b2b,external.rare_bucket_fr3.cache_sym96,FR@3
n2.external.rare_bucket_fr3.bm25,66.70342358568337,pp,artifact:c7547751-16b4-479a-94a4-ba611e5b9def,be6f5e98d5563af9e4f1f15699f130d239793b3cad81caa497a4fc03c9185b2b,external.rare_bucket_fr3.bm25,FR@3
n2.external.all_queries_fr3.raw_96,33.55238656512847,pp,artifact:c7547751-16b4-479a-94a4-ba611e5b9def,be6f5e98d5563af9e4f1f15699f130d239793b3cad81caa497a4fc03c9185b2b,external.all_queries_fr3.raw_96,FR@3
n2.external.all_queries_fr3.raw_192,38.37385391428311,pp,artifact:c7547751-16b4-479a-94a4-ba611e5b9def,be6f5e98d5563af9e4f1f15699f130d239793b3cad81caa497a4fc03c9185b2b,external.all_queries_fr3.raw_192,FR@3
n2.external.all_queries_fr3.raw_384,41.59256028934128,pp,artifact:c7547751-16b4-479a-94a4-ba611e5b9def,be6f5e98d5563af9e4f1f15699f130d239793b3cad81caa497a4fc03c9185b2b,external.all_queries_fr3.raw_384,FR@3
n2.external.all_queries_fr3.raw_full,42.71308146197972,pp,artifact:c7547751-16b4-479a-94a4-ba611e5b9def,be6f5e98d5563af9e4f1f15699f130d239793b3cad81caa497a4fc03c9185b2b,external.all_queries_fr3.raw_full,FR@3
n2.external.all_queries_fr3.std_96,38.75328338817513,pp,artifact:c7547751-16b4-479a-94a4-ba611e5b9def,be6f5e98d5563af9e4f1f15699f130d239793b3cad81caa497a4fc03c9185b2b,external.all_queries_fr3.std_96,FR@3
n2.external.all_queries_fr3.std_192,43.789483827028825,pp,artifact:c7547751-16b4-479a-94a4-ba611e5b9def,be6f5e98d5563af9e4f1f15699f130d239793b3cad81caa497a4fc03c9185b2b,external.all_queries_fr3.std_192,FR@3
n2.external.all_queries_fr3.std_384,44.63735775625025,pp,artifact:c7547751-16b4-479a-94a4-ba611e5b9def,be6f5e98d5563af9e4f1f15699f130d239793b3cad81caa497a4fc03c9185b2b,external.all_queries_fr3.std_384,FR@3
n2.external.all_queries_fr3.std_full,43.02859916052098,pp,artifact:c7547751-16b4-479a-94a4-ba611e5b9def,be6f5e98d5563af9e4f1f15699f130d239793b3cad81caa497a4fc03c9185b2b,external.all_queries_fr3.std_full,FR@3
n2.external.all_queries_fr3.sym_96,30.144615994135965,pp,artifact:c7547751-16b4-479a-94a4-ba611e5b9def,be6f5e98d5563af9e4f1f15699f130d239793b3cad81caa497a4fc03c9185b2b,external.all_queries_fr3.sym_96,FR@3
n2.external.all_queries_fr3.sym_192,39.000923491237224,pp,artifact:c7547751-16b4-479a-94a4-ba611e5b9def,be6f5e98d5563af9e4f1f15699f130d239793b3cad81caa497a4fc03c9185b2b,external.all_queries_fr3.sym_192,FR@3
n2.external.all_queries_fr3.sym_384,42.28114086420276,pp,artifact:c7547751-16b4-479a-94a4-ba611e5b9def,be6f5e98d5563af9e4f1f15699f130d239793b3cad81caa497a4fc03c9185b2b,external.all_queries_fr3.sym_384,FR@3
n2.external.all_queries_fr3.sym_full,39.30639808978571,pp,artifact:c7547751-16b4-479a-94a4-ba611e5b9def,be6f5e98d5563af9e4f1f15699f130d239793b3cad81caa497a4fc03c9185b2b,external.all_queries_fr3.sym_full,FR@3
n2.external.all_queries_fr3.cache_sym96,23.790671959238733,pp,artifact:c7547751-16b4-479a-94a4-ba611e5b9def,be6f5e98d5563af9e4f1f15699f130d239793b3cad81caa497a4fc03c9185b2b,external.all_queries_fr3.cache_sym96,FR@3
n2.external.all_queries_fr3.bm25,42.87879813926529,pp,artifact:c7547751-16b4-479a-94a4-ba611e5b9def,be6f5e98d5563af9e4f1f15699f130d239793b3cad81caa497a4fc03c9185b2b,external.all_queries_fr3.bm25,FR@3
n2.external.rare.sym_384-bm25,-1.796822501679946,pp,artifact:c7547751-16b4-479a-94a4-ba611e5b9def,be6f5e98d5563af9e4f1f15699f130d239793b3cad81caa497a4fc03c9185b2b,external.contrasts.sym_384-bm25.delta_pp,FR@3 contrast
n2.external.rare.sym_384-bm25.lo,-4.135162270970282,pp,artifact:c7547751-16b4-479a-94a4-ba611e5b9def,be6f5e98d5563af9e4f1f15699f130d239793b3cad81caa497a4fc03c9185b2b,external.contrasts.sym_384-bm25.ci95[0],95% lower
n2.external.rare.sym_384-bm25.hi,0.5701445225241014,pp,artifact:c7547751-16b4-479a-94a4-ba611e5b9def,be6f5e98d5563af9e4f1f15699f130d239793b3cad81caa497a4fc03c9185b2b,external.contrasts.sym_384-bm25.ci95[1],95% upper
n2.external.rare.sym_384-bm25.sig,False,bool,artifact:c7547751-16b4-479a-94a4-ba611e5b9def,be6f5e98d5563af9e4f1f15699f130d239793b3cad81caa497a4fc03c9185b2b,external.contrasts.sym_384-bm25.significant,
n2.external.rare.sym_full-bm25,-6.08006448555551,pp,artifact:c7547751-16b4-479a-94a4-ba611e5b9def,be6f5e98d5563af9e4f1f15699f130d239793b3cad81caa497a4fc03c9185b2b,external.contrasts.sym_full-bm25.delta_pp,FR@3 contrast
n2.external.rare.sym_full-bm25.lo,-8.46270865919547,pp,artifact:c7547751-16b4-479a-94a4-ba611e5b9def,be6f5e98d5563af9e4f1f15699f130d239793b3cad81caa497a4fc03c9185b2b,external.contrasts.sym_full-bm25.ci95[0],95% lower
n2.external.rare.sym_full-bm25.hi,-3.7056903593326465,pp,artifact:c7547751-16b4-479a-94a4-ba611e5b9def,be6f5e98d5563af9e4f1f15699f130d239793b3cad81caa497a4fc03c9185b2b,external.contrasts.sym_full-bm25.ci95[1],95% upper
n2.external.rare.sym_full-bm25.sig,True,bool,artifact:c7547751-16b4-479a-94a4-ba611e5b9def,be6f5e98d5563af9e4f1f15699f130d239793b3cad81caa497a4fc03c9185b2b,external.contrasts.sym_full-bm25.significant,
n2.external.rare.std_384-bm25,1.6369609505829146,pp,artifact:c7547751-16b4-479a-94a4-ba611e5b9def,be6f5e98d5563af9e4f1f15699f130d239793b3cad81caa497a4fc03c9185b2b,external.contrasts.std_384-bm25.delta_pp,FR@3 contrast
n2.external.rare.std_384-bm25.lo,-0.5921375915894934,pp,artifact:c7547751-16b4-479a-94a4-ba611e5b9def,be6f5e98d5563af9e4f1f15699f130d239793b3cad81caa497a4fc03c9185b2b,external.contrasts.std_384-bm25.ci95[0],95% lower
n2.external.rare.std_384-bm25.hi,3.892657213284763,pp,artifact:c7547751-16b4-479a-94a4-ba611e5b9def,be6f5e98d5563af9e4f1f15699f130d239793b3cad81caa497a4fc03c9185b2b,external.contrasts.std_384-bm25.ci95[1],95% upper
n2.external.rare.std_384-bm25.sig,False,bool,artifact:c7547751-16b4-479a-94a4-ba611e5b9def,be6f5e98d5563af9e4f1f15699f130d239793b3cad81caa497a4fc03c9185b2b,external.contrasts.std_384-bm25.significant,
n2.external.rare.raw_full-bm25,-2.1843316700140107,pp,artifact:c7547751-16b4-479a-94a4-ba611e5b9def,be6f5e98d5563af9e4f1f15699f130d239793b3cad81caa497a4fc03c9185b2b,external.contrasts.raw_full-bm25.delta_pp,FR@3 contrast
n2.external.rare.raw_full-bm25.lo,-6.7569540021222725,pp,artifact:c7547751-16b4-479a-94a4-ba611e5b9def,be6f5e98d5563af9e4f1f15699f130d239793b3cad81caa497a4fc03c9185b2b,external.contrasts.raw_full-bm25.ci95[0],95% lower
n2.external.rare.raw_full-bm25.hi,1.7524989010441367,pp,artifact:c7547751-16b4-479a-94a4-ba611e5b9def,be6f5e98d5563af9e4f1f15699f130d239793b3cad81caa497a4fc03c9185b2b,external.contrasts.raw_full-bm25.ci95[1],95% upper
n2.external.rare.raw_full-bm25.sig,False,bool,artifact:c7547751-16b4-479a-94a4-ba611e5b9def,be6f5e98d5563af9e4f1f15699f130d239793b3cad81caa497a4fc03c9185b2b,external.contrasts.raw_full-bm25.significant,
n2.external.rare.sym_384-sym_96,21.027904249921146,pp,artifact:c7547751-16b4-479a-94a4-ba611e5b9def,be6f5e98d5563af9e4f1f15699f130d239793b3cad81caa497a4fc03c9185b2b,external.contrasts.sym_384-sym_96.delta_pp,FR@3 contrast
n2.external.rare.sym_384-sym_96.lo,18.267296880430248,pp,artifact:c7547751-16b4-479a-94a4-ba611e5b9def,be6f5e98d5563af9e4f1f15699f130d239793b3cad81caa497a4fc03c9185b2b,external.contrasts.sym_384-sym_96.ci95[0],95% lower
n2.external.rare.sym_384-sym_96.hi,24.00285273143419,pp,artifact:c7547751-16b4-479a-94a4-ba611e5b9def,be6f5e98d5563af9e4f1f15699f130d239793b3cad81caa497a4fc03c9185b2b,external.contrasts.sym_384-sym_96.ci95[1],95% upper
n2.external.rare.sym_384-sym_96.sig,True,bool,artifact:c7547751-16b4-479a-94a4-ba611e5b9def,be6f5e98d5563af9e4f1f15699f130d239793b3cad81caa497a4fc03c9185b2b,external.contrasts.sym_384-sym_96.significant,
n2.external.all.sym_384-bm25,-0.5976572750625342,pp,artifact:c7547751-16b4-479a-94a4-ba611e5b9def,be6f5e98d5563af9e4f1f15699f130d239793b3cad81caa497a4fc03c9185b2b,external.contrasts_all_queries.sym_384-bm25.delta_pp,FR@3 contrast
n2.external.all.sym_384-bm25.lo,-2.066582799323911,pp,artifact:c7547751-16b4-479a-94a4-ba611e5b9def,be6f5e98d5563af9e4f1f15699f130d239793b3cad81caa497a4fc03c9185b2b,external.contrasts_all_queries.sym_384-bm25.ci95[0],95% lower
n2.external.all.sym_384-bm25.hi,0.7810281726809472,pp,artifact:c7547751-16b4-479a-94a4-ba611e5b9def,be6f5e98d5563af9e4f1f15699f130d239793b3cad81caa497a4fc03c9185b2b,external.contrasts_all_queries.sym_384-bm25.ci95[1],95% upper
n2.external.all.sym_384-bm25.sig,False,bool,artifact:c7547751-16b4-479a-94a4-ba611e5b9def,be6f5e98d5563af9e4f1f15699f130d239793b3cad81caa497a4fc03c9185b2b,external.contrasts_all_queries.sym_384-bm25.significant,
n2.external.all.sym_full-bm25,-3.572400049479576,pp,artifact:c7547751-16b4-479a-94a4-ba611e5b9def,be6f5e98d5563af9e4f1f15699f130d239793b3cad81caa497a4fc03c9185b2b,external.contrasts_all_queries.sym_full-bm25.delta_pp,FR@3 contrast
n2.external.all.sym_full-bm25.lo,-5.136991653784611,pp,artifact:c7547751-16b4-479a-94a4-ba611e5b9def,be6f5e98d5563af9e4f1f15699f130d239793b3cad81caa497a4fc03c9185b2b,external.contrasts_all_queries.sym_full-bm25.ci95[0],95% lower
n2.external.all.sym_full-bm25.hi,-1.9803479916946085,pp,artifact:c7547751-16b4-479a-94a4-ba611e5b9def,be6f5e98d5563af9e4f1f15699f130d239793b3cad81caa497a4fc03c9185b2b,external.contrasts_all_queries.sym_full-bm25.ci95[1],95% upper
n2.external.all.sym_full-bm25.sig,True,bool,artifact:c7547751-16b4-479a-94a4-ba611e5b9def,be6f5e98d5563af9e4f1f15699f130d239793b3cad81caa497a4fc03c9185b2b,external.contrasts_all_queries.sym_full-bm25.significant,
n2.external.all.std_384-bm25,1.7585596169849769,pp,artifact:c7547751-16b4-479a-94a4-ba611e5b9def,be6f5e98d5563af9e4f1f15699f130d239793b3cad81caa497a4fc03c9185b2b,external.contrasts_all_queries.std_384-bm25.delta_pp,FR@3 contrast
n2.external.all.std_384-bm25.lo,0.3670822322828511,pp,artifact:c7547751-16b4-479a-94a4-ba611e5b9def,be6f5e98d5563af9e4f1f15699f130d239793b3cad81caa497a4fc03c9185b2b,external.contrasts_all_queries.std_384-bm25.ci95[0],95% lower
n2.external.all.std_384-bm25.hi,3.2558310193647975,pp,artifact:c7547751-16b4-479a-94a4-ba611e5b9def,be6f5e98d5563af9e4f1f15699f130d239793b3cad81caa497a4fc03c9185b2b,external.contrasts_all_queries.std_384-bm25.ci95[1],95% upper
n2.external.all.std_384-bm25.sig,True,bool,artifact:c7547751-16b4-479a-94a4-ba611e5b9def,be6f5e98d5563af9e4f1f15699f130d239793b3cad81caa497a4fc03c9185b2b,external.contrasts_all_queries.std_384-bm25.significant,
n2.external.all.raw_full-bm25,-0.16571667728556946,pp,artifact:c7547751-16b4-479a-94a4-ba611e5b9def,be6f5e98d5563af9e4f1f15699f130d239793b3cad81caa497a4fc03c9185b2b,external.contrasts_all_queries.raw_full-bm25.delta_pp,FR@3 contrast
n2.external.all.raw_full-bm25.lo,-2.8997506266392277,pp,artifact:c7547751-16b4-479a-94a4-ba611e5b9def,be6f5e98d5563af9e4f1f15699f130d239793b3cad81caa497a4fc03c9185b2b,external.contrasts_all_queries.raw_full-bm25.ci95[0],95% lower
n2.external.all.raw_full-bm25.hi,2.4483058634733763,pp,artifact:c7547751-16b4-479a-94a4-ba611e5b9def,be6f5e98d5563af9e4f1f15699f130d239793b3cad81caa497a4fc03c9185b2b,external.contrasts_all_queries.raw_full-bm25.ci95[1],95% upper
n2.external.all.raw_full-bm25.sig,False,bool,artifact:c7547751-16b4-479a-94a4-ba611e5b9def,be6f5e98d5563af9e4f1f15699f130d239793b3cad81caa497a4fc03c9185b2b,external.contrasts_all_queries.raw_full-bm25.significant,
n2.external.all.sym_384-sym_96,12.136524870066784,pp,artifact:c7547751-16b4-479a-94a4-ba611e5b9def,be6f5e98d5563af9e4f1f15699f130d239793b3cad81caa497a4fc03c9185b2b,external.contrasts_all_queries.sym_384-sym_96.delta_pp,FR@3 contrast
n2.external.all.sym_384-sym_96.lo,9.755176782716136,pp,artifact:c7547751-16b4-479a-94a4-ba611e5b9def,be6f5e98d5563af9e4f1f15699f130d239793b3cad81caa497a4fc03c9185b2b,external.contrasts_all_queries.sym_384-sym_96.ci95[0],95% lower
n2.external.all.sym_384-sym_96.hi,14.51624035045065,pp,artifact:c7547751-16b4-479a-94a4-ba611e5b9def,be6f5e98d5563af9e4f1f15699f130d239793b3cad81caa497a4fc03c9185b2b,external.contrasts_all_queries.sym_384-sym_96.ci95[1],95% upper
n2.external.all.sym_384-sym_96.sig,True,bool,artifact:c7547751-16b4-479a-94a4-ba611e5b9def,be6f5e98d5563af9e4f1f15699f130d239793b3cad81caa497a4fc03c9185b2b,external.contrasts_all_queries.sym_384-sym_96.significant,
text.LME.archives,470,count,artifact:ea20964a-4480-44d7-bc0e-4fae9a9acdd6,0695d7d516cdad922272469d2391706062f4945549122e33005830e0efaa02ed,archives,raw text per archive
text.LME.median_raw_text_bytes,506830,bytes,artifact:ea20964a-4480-44d7-bc0e-4fae9a9acdd6,0695d7d516cdad922272469d2391706062f4945549122e33005830e0efaa02ed,median_raw_text_bytes,raw text per archive
text.LME.median_documents,490,count,artifact:ea20964a-4480-44d7-bc0e-4fae9a9acdd6,0695d7d516cdad922272469d2391706062f4945549122e33005830e0efaa02ed,median_documents,raw text per archive
text.LME.bytes_per_document,1034.3,bytes,artifact:ea20964a-4480-44d7-bc0e-4fae9a9acdd6,0695d7d516cdad922272469d2391706062f4945549122e33005830e0efaa02ed,bytes_per_document,raw text per archive
text.LoCoMo.archives,10,count,artifact:ea20964a-4480-44d7-bc0e-4fae9a9acdd6,0695d7d516cdad922272469d2391706062f4945549122e33005830e0efaa02ed,archives,raw text per archive
text.LoCoMo.median_raw_text_bytes,100161,bytes,artifact:ea20964a-4480-44d7-bc0e-4fae9a9acdd6,0695d7d516cdad922272469d2391706062f4945549122e33005830e0efaa02ed,median_raw_text_bytes,raw text per archive
text.LoCoMo.median_documents,646,count,artifact:ea20964a-4480-44d7-bc0e-4fae9a9acdd6,0695d7d516cdad922272469d2391706062f4945549122e33005830e0efaa02ed,median_documents,raw text per archive
text.LoCoMo.bytes_per_document,155.0,bytes,artifact:ea20964a-4480-44d7-bc0e-4fae9a9acdd6,0695d7d516cdad922272469d2391706062f4945549122e33005830e0efaa02ed,bytes_per_document,raw text per archive
text.PerLTQA.archives,30,count,artifact:ea20964a-4480-44d7-bc0e-4fae9a9acdd6,0695d7d516cdad922272469d2391706062f4945549122e33005830e0efaa02ed,archives,raw text per archive
text.PerLTQA.median_raw_text_bytes,85085,bytes,artifact:ea20964a-4480-44d7-bc0e-4fae9a9acdd6,0695d7d516cdad922272469d2391706062f4945549122e33005830e0efaa02ed,median_raw_text_bytes,raw text per archive
text.PerLTQA.median_documents,407,count,artifact:ea20964a-4480-44d7-bc0e-4fae9a9acdd6,0695d7d516cdad922272469d2391706062f4945549122e33005830e0efaa02ed,median_documents,raw text per archive
text.PerLTQA.bytes_per_document,209.1,bytes,artifact:ea20964a-4480-44d7-bc0e-4fae9a9acdd6,0695d7d516cdad922272469d2391706062f4945549122e33005830e0efaa02ed,bytes_per_document,raw text per archive
resident.wv_word_vectorizer,8030195,bytes,artifact:56fd415d-c317-46f6-bc9c-ad1770c40af8,bc55fc333860f2895fdbb416a8fdbfbe0a5bff360677523344e71925ae297ee1,totals_bytes.wv_word_vectorizer,"LoCoMo serving bytes, 10 archives"
resident.cv_char_vectorizer,16811684,bytes,artifact:56fd415d-c317-46f6-bc9c-ad1770c40af8,bc55fc333860f2895fdbb416a8fdbfbe0a5bff360677523344e71925ae297ee1,totals_bytes.cv_char_vectorizer,"LoCoMo serving bytes, 10 archives"
resident.base_lsa_projector,19620,bytes,artifact:56fd415d-c317-46f6-bc9c-ad1770c40af8,bc55fc333860f2895fdbb416a8fdbfbe0a5bff360677523344e71925ae297ee1,totals_bytes.base_lsa_projector,"LoCoMo serving bytes, 10 archives"
resident.packed_doc_codes,71864,bytes,artifact:56fd415d-c317-46f6-bc9c-ad1770c40af8,bc55fc333860f2895fdbb416a8fdbfbe0a5bff360677523344e71925ae297ee1,totals_bytes.packed_doc_codes,"LoCoMo serving bytes, 10 archives"
resident.mu,8800,bytes,artifact:56fd415d-c317-46f6-bc9c-ad1770c40af8,bc55fc333860f2895fdbb416a8fdbfbe0a5bff360677523344e71925ae297ee1,totals_bytes.mu,"LoCoMo serving bytes, 10 archives"
resident.sigma,8800,bytes,artifact:56fd415d-c317-46f6-bc9c-ad1770c40af8,bc55fc333860f2895fdbb416a8fdbfbe0a5bff360677523344e71925ae297ee1,totals_bytes.sigma,"LoCoMo serving bytes, 10 archives"
resident.union,24856373,bytes,artifact:56fd415d-c317-46f6-bc9c-ad1770c40af8,bc55fc333860f2895fdbb416a8fdbfbe0a5bff360677523344e71925ae297ee1,union_serving_bytes,union serving bytes
resident.raw_text,847928,bytes,artifact:56fd415d-c317-46f6-bc9c-ad1770c40af8,bc55fc333860f2895fdbb416a8fdbfbe0a5bff360677523344e71925ae297ee1,raw_text_bytes,raw text bytes
resident.construction,21216412,bytes,artifact:56fd415d-c317-46f6-bc9c-ad1770c40af8,bc55fc333860f2895fdbb416a8fdbfbe0a5bff360677523344e71925ae297ee1,sum(per_archive.construction_matrices_bytes),"construction matrices, not serving"
f5.archives,520,count,file:LLMZIP_ALL_FINDINGS_PUBLICATION_V1.zip!safe.zip!evidence/benchmark_all_v1/SUMMARY.json,8a39193bb37cde8881591d08daaf2baf9bde447271b301bdbe93390a7ec6539e,completed_archives,F5 archives completed
f5.LME.queries,470,count,file:LLMZIP_ALL_FINDINGS_PUBLICATION_V1.zip!safe.zip!evidence/benchmark_all_v1/SUMMARY.json,8a39193bb37cde8881591d08daaf2baf9bde447271b301bdbe93390a7ec6539e,summary.LME.queries,F5 queries
f5.LME.flips,0,count,file:LLMZIP_ALL_FINDINGS_PUBLICATION_V1.zip!safe.zip!evidence/benchmark_all_v1/SUMMARY.json,8a39193bb37cde8881591d08daaf2baf9bde447271b301bdbe93390a7ec6539e,summary.LME.dual_*_flips,dual64 vs float32 flips
f5.LME.bm25.memory_median_bytes,3269295.5,bytes,file:LLMZIP_ALL_FINDINGS_PUBLICATION_V1.zip!safe.zip!evidence/benchmark_all_v1/SUMMARY.json,8a39193bb37cde8881591d08daaf2baf9bde447271b301bdbe93390a7ec6539e,summary.LME.arms.bm25.memory_median_bytes,F5 cost/quality
f5.LME.bm25.query_wall_median_ms,0.1666,ms,file:LLMZIP_ALL_FINDINGS_PUBLICATION_V1.zip!safe.zip!evidence/benchmark_all_v1/SUMMARY.json,8a39193bb37cde8881591d08daaf2baf9bde447271b301bdbe93390a7ec6539e,summary.LME.arms.bm25.query_wall_median_ms,F5 cost/quality
f5.LME.bm25.hit10,0.8553191489361702,fraction,file:LLMZIP_ALL_FINDINGS_PUBLICATION_V1.zip!safe.zip!evidence/benchmark_all_v1/SUMMARY.json,8a39193bb37cde8881591d08daaf2baf9bde447271b301bdbe93390a7ec6539e,summary.LME.arms.bm25.hit10,F5 cost/quality
f5.LME.bm25.recall10,0.7704964539007092,fraction,file:LLMZIP_ALL_FINDINGS_PUBLICATION_V1.zip!safe.zip!evidence/benchmark_all_v1/SUMMARY.json,8a39193bb37cde8881591d08daaf2baf9bde447271b301bdbe93390a7ec6539e,summary.LME.arms.bm25.recall10,F5 cost/quality
f5.LME.float32.memory_median_bytes,58569888.0,bytes,file:LLMZIP_ALL_FINDINGS_PUBLICATION_V1.zip!safe.zip!evidence/benchmark_all_v1/SUMMARY.json,8a39193bb37cde8881591d08daaf2baf9bde447271b301bdbe93390a7ec6539e,summary.LME.arms.float32.memory_median_bytes,F5 cost/quality
f5.LME.float32.query_wall_median_ms,17.882601,ms,file:LLMZIP_ALL_FINDINGS_PUBLICATION_V1.zip!safe.zip!evidence/benchmark_all_v1/SUMMARY.json,8a39193bb37cde8881591d08daaf2baf9bde447271b301bdbe93390a7ec6539e,summary.LME.arms.float32.query_wall_median_ms,F5 cost/quality
f5.LME.float32.hit10,0.8638297872340426,fraction,file:LLMZIP_ALL_FINDINGS_PUBLICATION_V1.zip!safe.zip!evidence/benchmark_all_v1/SUMMARY.json,8a39193bb37cde8881591d08daaf2baf9bde447271b301bdbe93390a7ec6539e,summary.LME.arms.float32.hit10,F5 cost/quality
f5.LME.float32.recall10,0.7625886524822695,fraction,file:LLMZIP_ALL_FINDINGS_PUBLICATION_V1.zip!safe.zip!evidence/benchmark_all_v1/SUMMARY.json,8a39193bb37cde8881591d08daaf2baf9bde447271b301bdbe93390a7ec6539e,summary.LME.arms.float32.recall10,F5 cost/quality
f5.LME.dual64.memory_median_bytes,29692261.0,bytes,file:LLMZIP_ALL_FINDINGS_PUBLICATION_V1.zip!safe.zip!evidence/benchmark_all_v1/SUMMARY.json,8a39193bb37cde8881591d08daaf2baf9bde447271b301bdbe93390a7ec6539e,summary.LME.arms.dual64.memory_median_bytes,F5 cost/quality
f5.LME.dual64.query_wall_median_ms,3.0571495,ms,file:LLMZIP_ALL_FINDINGS_PUBLICATION_V1.zip!safe.zip!evidence/benchmark_all_v1/SUMMARY.json,8a39193bb37cde8881591d08daaf2baf9bde447271b301bdbe93390a7ec6539e,summary.LME.arms.dual64.query_wall_median_ms,F5 cost/quality
f5.LME.dual64.hit10,0.8638297872340426,fraction,file:LLMZIP_ALL_FINDINGS_PUBLICATION_V1.zip!safe.zip!evidence/benchmark_all_v1/SUMMARY.json,8a39193bb37cde8881591d08daaf2baf9bde447271b301bdbe93390a7ec6539e,summary.LME.arms.dual64.hit10,F5 cost/quality
f5.LME.dual64.recall10,0.7625886524822695,fraction,file:LLMZIP_ALL_FINDINGS_PUBLICATION_V1.zip!safe.zip!evidence/benchmark_all_v1/SUMMARY.json,8a39193bb37cde8881591d08daaf2baf9bde447271b301bdbe93390a7ec6539e,summary.LME.arms.dual64.recall10,F5 cost/quality
f5.LoCoMo.queries,1540,count,file:LLMZIP_ALL_FINDINGS_PUBLICATION_V1.zip!safe.zip!evidence/benchmark_all_v1/SUMMARY.json,8a39193bb37cde8881591d08daaf2baf9bde447271b301bdbe93390a7ec6539e,summary.LoCoMo.queries,F5 queries
f5.LoCoMo.flips,0,count,file:LLMZIP_ALL_FINDINGS_PUBLICATION_V1.zip!safe.zip!evidence/benchmark_all_v1/SUMMARY.json,8a39193bb37cde8881591d08daaf2baf9bde447271b301bdbe93390a7ec6539e,summary.LoCoMo.dual_*_flips,dual64 vs float32 flips
f5.LoCoMo.bm25.memory_median_bytes,830372.5,bytes,file:LLMZIP_ALL_FINDINGS_PUBLICATION_V1.zip!safe.zip!evidence/benchmark_all_v1/SUMMARY.json,8a39193bb37cde8881591d08daaf2baf9bde447271b301bdbe93390a7ec6539e,summary.LoCoMo.arms.bm25.memory_median_bytes,F5 cost/quality
f5.LoCoMo.bm25.query_wall_median_ms,0.10705,ms,file:LLMZIP_ALL_FINDINGS_PUBLICATION_V1.zip!safe.zip!evidence/benchmark_all_v1/SUMMARY.json,8a39193bb37cde8881591d08daaf2baf9bde447271b301bdbe93390a7ec6539e,summary.LoCoMo.arms.bm25.query_wall_median_ms,F5 cost/quality
f5.LoCoMo.bm25.hit10,0.5732899022801303,fraction,file:LLMZIP_ALL_FINDINGS_PUBLICATION_V1.zip!safe.zip!evidence/benchmark_all_v1/SUMMARY.json,8a39193bb37cde8881591d08daaf2baf9bde447271b301bdbe93390a7ec6539e,summary.LoCoMo.arms.bm25.hit10,F5 cost/quality
f5.LoCoMo.bm25.recall10,0.51267916775571,fraction,file:LLMZIP_ALL_FINDINGS_PUBLICATION_V1.zip!safe.zip!evidence/benchmark_all_v1/SUMMARY.json,8a39193bb37cde8881591d08daaf2baf9bde447271b301bdbe93390a7ec6539e,summary.LoCoMo.arms.bm25.recall10,F5 cost/quality
f5.LoCoMo.float32.memory_median_bytes,13188764.5,bytes,file:LLMZIP_ALL_FINDINGS_PUBLICATION_V1.zip!safe.zip!evidence/benchmark_all_v1/SUMMARY.json,8a39193bb37cde8881591d08daaf2baf9bde447271b301bdbe93390a7ec6539e,summary.LoCoMo.arms.float32.memory_median_bytes,F5 cost/quality
f5.LoCoMo.float32.query_wall_median_ms,3.3870500000000003,ms,file:LLMZIP_ALL_FINDINGS_PUBLICATION_V1.zip!safe.zip!evidence/benchmark_all_v1/SUMMARY.json,8a39193bb37cde8881591d08daaf2baf9bde447271b301bdbe93390a7ec6539e,summary.LoCoMo.arms.float32.query_wall_median_ms,F5 cost/quality
f5.LoCoMo.float32.hit10,0.43908794788273614,fraction,file:LLMZIP_ALL_FINDINGS_PUBLICATION_V1.zip!safe.zip!evidence/benchmark_all_v1/SUMMARY.json,8a39193bb37cde8881591d08daaf2baf9bde447271b301bdbe93390a7ec6539e,summary.LoCoMo.arms.float32.hit10,F5 cost/quality
f5.LoCoMo.float32.recall10,0.3821573756340953,fraction,file:LLMZIP_ALL_FINDINGS_PUBLICATION_V1.zip!safe.zip!evidence/benchmark_all_v1/SUMMARY.json,8a39193bb37cde8881591d08daaf2baf9bde447271b301bdbe93390a7ec6539e,summary.LoCoMo.arms.float32.recall10,F5 cost/quality
f5.LoCoMo.dual64.memory_median_bytes,7329258.0,bytes,file:LLMZIP_ALL_FINDINGS_PUBLICATION_V1.zip!safe.zip!evidence/benchmark_all_v1/SUMMARY.json,8a39193bb37cde8881591d08daaf2baf9bde447271b301bdbe93390a7ec6539e,summary.LoCoMo.arms.dual64.memory_median_bytes,F5 cost/quality
f5.LoCoMo.dual64.query_wall_median_ms,1.7012,ms,file:LLMZIP_ALL_FINDINGS_PUBLICATION_V1.zip!safe.zip!evidence/benchmark_all_v1/SUMMARY.json,8a39193bb37cde8881591d08daaf2baf9bde447271b301bdbe93390a7ec6539e,summary.LoCoMo.arms.dual64.query_wall_median_ms,F5 cost/quality
f5.LoCoMo.dual64.hit10,0.43908794788273614,fraction,file:LLMZIP_ALL_FINDINGS_PUBLICATION_V1.zip!safe.zip!evidence/benchmark_all_v1/SUMMARY.json,8a39193bb37cde8881591d08daaf2baf9bde447271b301bdbe93390a7ec6539e,summary.LoCoMo.arms.dual64.hit10,F5 cost/quality
f5.LoCoMo.dual64.recall10,0.3821573756340953,fraction,file:LLMZIP_ALL_FINDINGS_PUBLICATION_V1.zip!safe.zip!evidence/benchmark_all_v1/SUMMARY.json,8a39193bb37cde8881591d08daaf2baf9bde447271b301bdbe93390a7ec6539e,summary.LoCoMo.arms.dual64.recall10,F5 cost/quality
f5.PerLTQA.queries,8265,count,file:LLMZIP_ALL_FINDINGS_PUBLICATION_V1.zip!safe.zip!evidence/benchmark_all_v1/SUMMARY.json,8a39193bb37cde8881591d08daaf2baf9bde447271b301bdbe93390a7ec6539e,summary.PerLTQA.queries,F5 queries
f5.PerLTQA.flips,0,count,file:LLMZIP_ALL_FINDINGS_PUBLICATION_V1.zip!safe.zip!evidence/benchmark_all_v1/SUMMARY.json,8a39193bb37cde8881591d08daaf2baf9bde447271b301bdbe93390a7ec6539e,summary.PerLTQA.dual_*_flips,dual64 vs float32 flips
f5.PerLTQA.bm25.memory_median_bytes,889606.5,bytes,file:LLMZIP_ALL_FINDINGS_PUBLICATION_V1.zip!safe.zip!evidence/benchmark_all_v1/SUMMARY.json,8a39193bb37cde8881591d08daaf2baf9bde447271b301bdbe93390a7ec6539e,summary.PerLTQA.arms.bm25.memory_median_bytes,F5 cost/quality
f5.PerLTQA.bm25.query_wall_median_ms,0.0875,ms,file:LLMZIP_ALL_FINDINGS_PUBLICATION_V1.zip!safe.zip!evidence/benchmark_all_v1/SUMMARY.json,8a39193bb37cde8881591d08daaf2baf9bde447271b301bdbe93390a7ec6539e,summary.PerLTQA.arms.bm25.query_wall_median_ms,F5 cost/quality
f5.PerLTQA.bm25.hit10,0.8186327888687235,fraction,file:LLMZIP_ALL_FINDINGS_PUBLICATION_V1.zip!safe.zip!evidence/benchmark_all_v1/SUMMARY.json,8a39193bb37cde8881591d08daaf2baf9bde447271b301bdbe93390a7ec6539e,summary.PerLTQA.arms.bm25.hit10,F5 cost/quality
f5.PerLTQA.bm25.recall10,0.6759794866888921,fraction,file:LLMZIP_ALL_FINDINGS_PUBLICATION_V1.zip!safe.zip!evidence/benchmark_all_v1/SUMMARY.json,8a39193bb37cde8881591d08daaf2baf9bde447271b301bdbe93390a7ec6539e,summary.PerLTQA.arms.bm25.recall10,F5 cost/quality
f5.PerLTQA.float32.memory_median_bytes,13663913.0,bytes,file:LLMZIP_ALL_FINDINGS_PUBLICATION_V1.zip!safe.zip!evidence/benchmark_all_v1/SUMMARY.json,8a39193bb37cde8881591d08daaf2baf9bde447271b301bdbe93390a7ec6539e,summary.PerLTQA.arms.float32.memory_median_bytes,F5 cost/quality
f5.PerLTQA.float32.query_wall_median_ms,3.1866,ms,file:LLMZIP_ALL_FINDINGS_PUBLICATION_V1.zip!safe.zip!evidence/benchmark_all_v1/SUMMARY.json,8a39193bb37cde8881591d08daaf2baf9bde447271b301bdbe93390a7ec6539e,summary.PerLTQA.arms.float32.query_wall_median_ms,F5 cost/quality
f5.PerLTQA.float32.hit10,0.7577737447065941,fraction,file:LLMZIP_ALL_FINDINGS_PUBLICATION_V1.zip!safe.zip!evidence/benchmark_all_v1/SUMMARY.json,8a39193bb37cde8881591d08daaf2baf9bde447271b301bdbe93390a7ec6539e,summary.PerLTQA.arms.float32.hit10,F5 cost/quality
f5.PerLTQA.float32.recall10,0.6188682464189142,fraction,file:LLMZIP_ALL_FINDINGS_PUBLICATION_V1.zip!safe.zip!evidence/benchmark_all_v1/SUMMARY.json,8a39193bb37cde8881591d08daaf2baf9bde447271b301bdbe93390a7ec6539e,summary.PerLTQA.arms.float32.recall10,F5 cost/quality
f5.PerLTQA.dual64.memory_median_bytes,6939679.0,bytes,file:LLMZIP_ALL_FINDINGS_PUBLICATION_V1.zip!safe.zip!evidence/benchmark_all_v1/SUMMARY.json,8a39193bb37cde8881591d08daaf2baf9bde447271b301bdbe93390a7ec6539e,summary.PerLTQA.arms.dual64.memory_median_bytes,F5 cost/quality
f5.PerLTQA.dual64.query_wall_median_ms,1.5477,ms,file:LLMZIP_ALL_FINDINGS_PUBLICATION_V1.zip!safe.zip!evidence/benchmark_all_v1/SUMMARY.json,8a39193bb37cde8881591d08daaf2baf9bde447271b301bdbe93390a7ec6539e,summary.PerLTQA.arms.dual64.query_wall_median_ms,F5 cost/quality
f5.PerLTQA.dual64.hit10,0.7577737447065941,fraction,file:LLMZIP_ALL_FINDINGS_PUBLICATION_V1.zip!safe.zip!evidence/benchmark_all_v1/SUMMARY.json,8a39193bb37cde8881591d08daaf2baf9bde447271b301bdbe93390a7ec6539e,summary.PerLTQA.arms.dual64.hit10,F5 cost/quality
f5.PerLTQA.dual64.recall10,0.6188682464189142,fraction,file:LLMZIP_ALL_FINDINGS_PUBLICATION_V1.zip!safe.zip!evidence/benchmark_all_v1/SUMMARY.json,8a39193bb37cde8881591d08daaf2baf9bde447271b301bdbe93390a7ec6539e,summary.PerLTQA.arms.dual64.recall10,F5 cost/quality
f5.RealTalk.queries,705,count,file:LLMZIP_ALL_FINDINGS_PUBLICATION_V1.zip!safe.zip!evidence/benchmark_all_v1/SUMMARY.json,8a39193bb37cde8881591d08daaf2baf9bde447271b301bdbe93390a7ec6539e,summary.RealTalk.queries,F5 queries
f5.RealTalk.flips,0,count,file:LLMZIP_ALL_FINDINGS_PUBLICATION_V1.zip!safe.zip!evidence/benchmark_all_v1/SUMMARY.json,8a39193bb37cde8881591d08daaf2baf9bde447271b301bdbe93390a7ec6539e,summary.RealTalk.dual_*_flips,dual64 vs float32 flips
f5.RealTalk.bm25.memory_median_bytes,1114013.0,bytes,file:LLMZIP_ALL_FINDINGS_PUBLICATION_V1.zip!safe.zip!evidence/benchmark_all_v1/SUMMARY.json,8a39193bb37cde8881591d08daaf2baf9bde447271b301bdbe93390a7ec6539e,summary.RealTalk.arms.bm25.memory_median_bytes,F5 cost/quality
f5.RealTalk.bm25.query_wall_median_ms,0.119,ms,file:LLMZIP_ALL_FINDINGS_PUBLICATION_V1.zip!safe.zip!evidence/benchmark_all_v1/SUMMARY.json,8a39193bb37cde8881591d08daaf2baf9bde447271b301bdbe93390a7ec6539e,summary.RealTalk.arms.bm25.query_wall_median_ms,F5 cost/quality
f5.RealTalk.bm25.hit10,0.5418439716312057,fraction,file:LLMZIP_ALL_FINDINGS_PUBLICATION_V1.zip!safe.zip!evidence/benchmark_all_v1/SUMMARY.json,8a39193bb37cde8881591d08daaf2baf9bde447271b301bdbe93390a7ec6539e,summary.RealTalk.arms.bm25.hit10,F5 cost/quality
f5.RealTalk.bm25.recall10,0.4315994774169466,fraction,file:LLMZIP_ALL_FINDINGS_PUBLICATION_V1.zip!safe.zip!evidence/benchmark_all_v1/SUMMARY.json,8a39193bb37cde8881591d08daaf2baf9bde447271b301bdbe93390a7ec6539e,summary.RealTalk.arms.bm25.recall10,F5 cost/quality
f5.RealTalk.float32.memory_median_bytes,16134594.0,bytes,file:LLMZIP_ALL_FINDINGS_PUBLICATION_V1.zip!safe.zip!evidence/benchmark_all_v1/SUMMARY.json,8a39193bb37cde8881591d08daaf2baf9bde447271b301bdbe93390a7ec6539e,summary.RealTalk.arms.float32.memory_median_bytes,F5 cost/quality
f5.RealTalk.float32.query_wall_median_ms,3.819,ms,file:LLMZIP_ALL_FINDINGS_PUBLICATION_V1.zip!safe.zip!evidence/benchmark_all_v1/SUMMARY.json,8a39193bb37cde8881591d08daaf2baf9bde447271b301bdbe93390a7ec6539e,summary.RealTalk.arms.float32.query_wall_median_ms,F5 cost/quality
f5.RealTalk.float32.hit10,0.4652482269503546,fraction,file:LLMZIP_ALL_FINDINGS_PUBLICATION_V1.zip!safe.zip!evidence/benchmark_all_v1/SUMMARY.json,8a39193bb37cde8881591d08daaf2baf9bde447271b301bdbe93390a7ec6539e,summary.RealTalk.arms.float32.hit10,F5 cost/quality
f5.RealTalk.float32.recall10,0.3434350059546028,fraction,file:LLMZIP_ALL_FINDINGS_PUBLICATION_V1.zip!safe.zip!evidence/benchmark_all_v1/SUMMARY.json,8a39193bb37cde8881591d08daaf2baf9bde447271b301bdbe93390a7ec6539e,summary.RealTalk.arms.float32.recall10,F5 cost/quality
f5.RealTalk.dual64.memory_median_bytes,9019604.0,bytes,file:LLMZIP_ALL_FINDINGS_PUBLICATION_V1.zip!safe.zip!evidence/benchmark_all_v1/SUMMARY.json,8a39193bb37cde8881591d08daaf2baf9bde447271b301bdbe93390a7ec6539e,summary.RealTalk.arms.dual64.memory_median_bytes,F5 cost/quality
f5.RealTalk.dual64.query_wall_median_ms,1.7224,ms,file:LLMZIP_ALL_FINDINGS_PUBLICATION_V1.zip!safe.zip!evidence/benchmark_all_v1/SUMMARY.json,8a39193bb37cde8881591d08daaf2baf9bde447271b301bdbe93390a7ec6539e,summary.RealTalk.arms.dual64.query_wall_median_ms,F5 cost/quality
f5.RealTalk.dual64.hit10,0.4652482269503546,fraction,file:LLMZIP_ALL_FINDINGS_PUBLICATION_V1.zip!safe.zip!evidence/benchmark_all_v1/SUMMARY.json,8a39193bb37cde8881591d08daaf2baf9bde447271b301bdbe93390a7ec6539e,summary.RealTalk.arms.dual64.hit10,F5 cost/quality
f5.RealTalk.dual64.recall10,0.3434350059546028,fraction,file:LLMZIP_ALL_FINDINGS_PUBLICATION_V1.zip!safe.zip!evidence/benchmark_all_v1/SUMMARY.json,8a39193bb37cde8881591d08daaf2baf9bde447271b301bdbe93390a7ec6539e,summary.RealTalk.arms.dual64.recall10,F5 cost/quality
f1.before,109515058,bytes,file:LLMZIP_ALL_FINDINGS_PUBLICATION_V1.zip!CANONICAL_FINDINGS.md,313ce8ef8b204c6aa314cd708c91940ba7823d837a257ba105a05c648467fd49,regex object-graph bytes: /*/*(/d+) →,F1 retained encoder bytes before
f1.after,98326018,bytes,file:LLMZIP_ALL_FINDINGS_PUBLICATION_V1.zip!CANONICAL_FINDINGS.md,313ce8ef8b204c6aa314cd708c91940ba7823d837a257ba105a05c648467fd49,regex object-graph bytes: /*/*/d+ → (/d+)/*/*,F1 after owner compaction
f2.after,59958658,bytes,file:LLMZIP_ALL_FINDINGS_PUBLICATION_V1.zip!CANONICAL_FINDINGS.md,313ce8ef8b204c6aa314cd708c91940ba7823d837a257ba105a05c648467fd49,regex float32 graph /*/*(/d+)/*/*,F2 after float32 final SVD
f4.after,30175450,bytes,file:LLMZIP_ALL_FINDINGS_PUBLICATION_V1.zip!CANONICAL_FINDINGS.md,313ce8ef8b204c6aa314cd708c91940ba7823d837a257ba105a05c648467fd49,regex dual /*/*(/d+)/*/*,F4 dual deployment named-root bytes
f4.ms_before,22.05375,ms,file:LLMZIP_ALL_FINDINGS_PUBLICATION_V1.zip!CANONICAL_FINDINGS.md,313ce8ef8b204c6aa314cd708c91940ba7823d837a257ba105a05c648467fd49,regex old median ([/d.]+) ms,"F4 warm query, old"
f4.ms_after,2.86035,ms,file:LLMZIP_ALL_FINDINGS_PUBLICATION_V1.zip!CANONICAL_FINDINGS.md,313ce8ef8b204c6aa314cd708c91940ba7823d837a257ba105a05c648467fd49,regex dual ([/d.]+) ms /(ratio,"F4 warm query, dual"
f3.payload_saving_pct,77.62077974611753,%,file:LLMZIP_ALL_FINDINGS_PUBLICATION_V1.zip!CANONICAL_FINDINGS.md,313ce8ef8b204c6aa314cd708c91940ba7823d837a257ba105a05c648467fd49,regex /*/*([/d.]+)%/*/* component-payload saving,F3 component payload saving
f1f4.total_saving_pct,72.44630048956373,%,file:LLMZIP_ALL_FINDINGS_PUBLICATION_V1.zip!CANONICAL_FINDINGS.md,313ce8ef8b204c6aa314cd708c91940ba7823d837a257ba105a05c648467fd49,derived f4.after/f1.before,"F1-F4 combined, single QID"
rerank.LME.BM25_full.fr3,0.5802836879432622,fraction,file:llmzip-work/incoming_20260916b/extracted/LLMZIP_FIKIR1_METIN_YENIDEN_SIRALAMA_2026-09-16/LLMZIP_FIKIR1_2026-09-16/results/rerank_summary.json,227c3141dd79ae9fde45dbf6fcc5ea76d9b249049141a24cbfcc607a86652db8,LME.BM25_full.fr3,"idea 1: compact first stage, BM25 rerank"
rerank.LME.BM25_full.hit10,0.8531914893617021,fraction,file:llmzip-work/incoming_20260916b/extracted/LLMZIP_FIKIR1_METIN_YENIDEN_SIRALAMA_2026-09-16/LLMZIP_FIKIR1_2026-09-16/results/rerank_summary.json,227c3141dd79ae9fde45dbf6fcc5ea76d9b249049141a24cbfcc607a86652db8,LME.BM25_full.hit10,idea 1
rerank.LME.qscale96.fr3,0.5427304964539007,fraction,file:llmzip-work/incoming_20260916b/extracted/LLMZIP_FIKIR1_METIN_YENIDEN_SIRALAMA_2026-09-16/LLMZIP_FIKIR1_2026-09-16/results/rerank_summary.json,227c3141dd79ae9fde45dbf6fcc5ea76d9b249049141a24cbfcc607a86652db8,LME.qscale96.fr3,"idea 1: compact first stage, BM25 rerank"
rerank.LME.qscale96.hit10,0.8851063829787233,fraction,file:llmzip-work/incoming_20260916b/extracted/LLMZIP_FIKIR1_METIN_YENIDEN_SIRALAMA_2026-09-16/LLMZIP_FIKIR1_2026-09-16/results/rerank_summary.json,227c3141dd79ae9fde45dbf6fcc5ea76d9b249049141a24cbfcc607a86652db8,LME.qscale96.hit10,idea 1
rerank.LME.qscale96_bm25.fr3,0.5769858156028367,fraction,file:llmzip-work/incoming_20260916b/extracted/LLMZIP_FIKIR1_METIN_YENIDEN_SIRALAMA_2026-09-16/LLMZIP_FIKIR1_2026-09-16/results/rerank_summary.json,227c3141dd79ae9fde45dbf6fcc5ea76d9b249049141a24cbfcc607a86652db8,LME.qscale96_bm25.fr3,"idea 1: compact first stage, BM25 rerank"
rerank.LME.qscale96_bm25.hit10,0.8680851063829788,fraction,file:llmzip-work/incoming_20260916b/extracted/LLMZIP_FIKIR1_METIN_YENIDEN_SIRALAMA_2026-09-16/LLMZIP_FIKIR1_2026-09-16/results/rerank_summary.json,227c3141dd79ae9fde45dbf6fcc5ea76d9b249049141a24cbfcc607a86652db8,LME.qscale96_bm25.hit10,idea 1
rerank.LME.float_raw32_bm25.fr3,0.5776241134751771,fraction,file:llmzip-work/incoming_20260916b/extracted/LLMZIP_FIKIR1_METIN_YENIDEN_SIRALAMA_2026-09-16/LLMZIP_FIKIR1_2026-09-16/results/rerank_summary.json,227c3141dd79ae9fde45dbf6fcc5ea76d9b249049141a24cbfcc607a86652db8,LME.float_raw32_bm25.fr3,"idea 1: compact first stage, BM25 rerank"
rerank.LME.float_raw32_bm25.hit10,0.8808510638297873,fraction,file:llmzip-work/incoming_20260916b/extracted/LLMZIP_FIKIR1_METIN_YENIDEN_SIRALAMA_2026-09-16/LLMZIP_FIKIR1_2026-09-16/results/rerank_summary.json,227c3141dd79ae9fde45dbf6fcc5ea76d9b249049141a24cbfcc607a86652db8,LME.float_raw32_bm25.hit10,idea 1
rerank.PerLTQA.BM25_full.fr3,0.5712856965106325,fraction,file:llmzip-work/incoming_20260916b/extracted/LLMZIP_FIKIR1_METIN_YENIDEN_SIRALAMA_2026-09-16/LLMZIP_FIKIR1_2026-09-16/results/rerank_summary.json,227c3141dd79ae9fde45dbf6fcc5ea76d9b249049141a24cbfcc607a86652db8,PerLTQA.BM25_full.fr3,"idea 1: compact first stage, BM25 rerank"
rerank.PerLTQA.BM25_full.hit10,0.817664851784634,fraction,file:llmzip-work/incoming_20260916b/extracted/LLMZIP_FIKIR1_METIN_YENIDEN_SIRALAMA_2026-09-16/LLMZIP_FIKIR1_2026-09-16/results/rerank_summary.json,227c3141dd79ae9fde45dbf6fcc5ea76d9b249049141a24cbfcc607a86652db8,PerLTQA.BM25_full.hit10,idea 1
rerank.PerLTQA.qscale96.fr3,0.5323750070256412,fraction,file:llmzip-work/incoming_20260916b/extracted/LLMZIP_FIKIR1_METIN_YENIDEN_SIRALAMA_2026-09-16/LLMZIP_FIKIR1_2026-09-16/results/rerank_summary.json,227c3141dd79ae9fde45dbf6fcc5ea76d9b249049141a24cbfcc607a86652db8,PerLTQA.qscale96.fr3,"idea 1: compact first stage, BM25 rerank"
rerank.PerLTQA.qscale96.hit10,0.8,fraction,file:llmzip-work/incoming_20260916b/extracted/LLMZIP_FIKIR1_METIN_YENIDEN_SIRALAMA_2026-09-16/LLMZIP_FIKIR1_2026-09-16/results/rerank_summary.json,227c3141dd79ae9fde45dbf6fcc5ea76d9b249049141a24cbfcc607a86652db8,PerLTQA.qscale96.hit10,idea 1
rerank.PerLTQA.qscale96_bm25.fr3,0.5745690688326508,fraction,file:llmzip-work/incoming_20260916b/extracted/LLMZIP_FIKIR1_METIN_YENIDEN_SIRALAMA_2026-09-16/LLMZIP_FIKIR1_2026-09-16/results/rerank_summary.json,227c3141dd79ae9fde45dbf6fcc5ea76d9b249049141a24cbfcc607a86652db8,PerLTQA.qscale96_bm25.fr3,"idea 1: compact first stage, BM25 rerank"
rerank.PerLTQA.qscale96_bm25.hit10,0.8278281911675741,fraction,file:llmzip-work/incoming_20260916b/extracted/LLMZIP_FIKIR1_METIN_YENIDEN_SIRALAMA_2026-09-16/LLMZIP_FIKIR1_2026-09-16/results/rerank_summary.json,227c3141dd79ae9fde45dbf6fcc5ea76d9b249049141a24cbfcc607a86652db8,PerLTQA.qscale96_bm25.hit10,idea 1
rerank.PerLTQA.float_raw32_bm25.fr3,0.5825973595804136,fraction,file:llmzip-work/incoming_20260916b/extracted/LLMZIP_FIKIR1_METIN_YENIDEN_SIRALAMA_2026-09-16/LLMZIP_FIKIR1_2026-09-16/results/rerank_summary.json,227c3141dd79ae9fde45dbf6fcc5ea76d9b249049141a24cbfcc607a86652db8,PerLTQA.float_raw32_bm25.fr3,"idea 1: compact first stage, BM25 rerank"
rerank.PerLTQA.float_raw32_bm25.hit10,0.837870538415003,fraction,file:llmzip-work/incoming_20260916b/extracted/LLMZIP_FIKIR1_METIN_YENIDEN_SIRALAMA_2026-09-16/LLMZIP_FIKIR1_2026-09-16/results/rerank_summary.json,227c3141dd79ae9fde45dbf6fcc5ea76d9b249049141a24cbfcc607a86652db8,PerLTQA.float_raw32_bm25.hit10,idea 1
rerank.LoCoMo.BM25_full.fr3,0.4174593513750928,fraction,file:llmzip-work/incoming_20260916b/extracted/LLMZIP_FIKIR1_METIN_YENIDEN_SIRALAMA_2026-09-16/LLMZIP_FIKIR1_2026-09-16/results/rerank_summary.json,227c3141dd79ae9fde45dbf6fcc5ea76d9b249049141a24cbfcc607a86652db8,LoCoMo.BM25_full.fr3,"idea 1: compact first stage, BM25 rerank"
rerank.LoCoMo.BM25_full.hit10,0.6067929457870673,fraction,file:llmzip-work/incoming_20260916b/extracted/LLMZIP_FIKIR1_METIN_YENIDEN_SIRALAMA_2026-09-16/LLMZIP_FIKIR1_2026-09-16/results/rerank_summary.json,227c3141dd79ae9fde45dbf6fcc5ea76d9b249049141a24cbfcc607a86652db8,LoCoMo.BM25_full.hit10,idea 1
rerank.LoCoMo.qscale96.fr3,0.35843722159941344,fraction,file:llmzip-work/incoming_20260916b/extracted/LLMZIP_FIKIR1_METIN_YENIDEN_SIRALAMA_2026-09-16/LLMZIP_FIKIR1_2026-09-16/results/rerank_summary.json,227c3141dd79ae9fde45dbf6fcc5ea76d9b249049141a24cbfcc607a86652db8,LoCoMo.qscale96.fr3,"idea 1: compact first stage, BM25 rerank"
rerank.LoCoMo.qscale96.hit10,0.5721750489875899,fraction,file:llmzip-work/incoming_20260916b/extracted/LLMZIP_FIKIR1_METIN_YENIDEN_SIRALAMA_2026-09-16/LLMZIP_FIKIR1_2026-09-16/results/rerank_summary.json,227c3141dd79ae9fde45dbf6fcc5ea76d9b249049141a24cbfcc607a86652db8,LoCoMo.qscale96.hit10,idea 1
rerank.LoCoMo.qscale96_bm25.fr3,0.42811175080645253,fraction,file:llmzip-work/incoming_20260916b/extracted/LLMZIP_FIKIR1_METIN_YENIDEN_SIRALAMA_2026-09-16/LLMZIP_FIKIR1_2026-09-16/results/rerank_summary.json,227c3141dd79ae9fde45dbf6fcc5ea76d9b249049141a24cbfcc607a86652db8,LoCoMo.qscale96_bm25.fr3,"idea 1: compact first stage, BM25 rerank"
rerank.LoCoMo.qscale96_bm25.hit10,0.6192031352057479,fraction,file:llmzip-work/incoming_20260916b/extracted/LLMZIP_FIKIR1_METIN_YENIDEN_SIRALAMA_2026-09-16/LLMZIP_FIKIR1_2026-09-16/results/rerank_summary.json,227c3141dd79ae9fde45dbf6fcc5ea76d9b249049141a24cbfcc607a86652db8,LoCoMo.qscale96_bm25.hit10,idea 1
rerank.LoCoMo.float_raw32_bm25.fr3,0.44062924637424195,fraction,file:llmzip-work/incoming_20260916b/extracted/LLMZIP_FIKIR1_METIN_YENIDEN_SIRALAMA_2026-09-16/LLMZIP_FIKIR1_2026-09-16/results/rerank_summary.json,227c3141dd79ae9fde45dbf6fcc5ea76d9b249049141a24cbfcc607a86652db8,LoCoMo.float_raw32_bm25.fr3,"idea 1: compact first stage, BM25 rerank"
rerank.LoCoMo.float_raw32_bm25.hit10,0.6270411495754409,fraction,file:llmzip-work/incoming_20260916b/extracted/LLMZIP_FIKIR1_METIN_YENIDEN_SIRALAMA_2026-09-16/LLMZIP_FIKIR1_2026-09-16/results/rerank_summary.json,227c3141dd79ae9fde45dbf6fcc5ea76d9b249049141a24cbfcc607a86652db8,LoCoMo.float_raw32_bm25.hit10,idea 1
hashed.LME.base192.fr3,61.47517730496453,pp,file:llmzip-work/incoming_20260916b/extracted/LLMZIP_IKI_FIKIR_DENEY_PAKETI_2026-09-16/LLMZIP_IKI_FIKIR_2026-09-16/results/SUMMARY.json,b454924b87875a13121486974b33219215427dfccc1e64685f6e068270376006,quality_levels_percent,idea 2: shared hashed encoder
hashed.LME.base192.hit10,89.14893617021276,pp,file:llmzip-work/incoming_20260916b/extracted/LLMZIP_IKI_FIKIR_DENEY_PAKETI_2026-09-16/LLMZIP_IKI_FIKIR_2026-09-16/results/SUMMARY.json,b454924b87875a13121486974b33219215427dfccc1e64685f6e068270376006,quality_levels_percent,idea 2
hashed.LME.shared_seed2026091601.fr3,29.170212765957455,pp,file:llmzip-work/incoming_20260916b/extracted/LLMZIP_IKI_FIKIR_DENEY_PAKETI_2026-09-16/LLMZIP_IKI_FIKIR_2026-09-16/results/SUMMARY.json,b454924b87875a13121486974b33219215427dfccc1e64685f6e068270376006,quality_levels_percent,idea 2: shared hashed encoder
hashed.LME.shared_seed2026091601.hit10,54.04255319148936,pp,file:llmzip-work/incoming_20260916b/extracted/LLMZIP_IKI_FIKIR_DENEY_PAKETI_2026-09-16/LLMZIP_IKI_FIKIR_2026-09-16/results/SUMMARY.json,b454924b87875a13121486974b33219215427dfccc1e64685f6e068270376006,quality_levels_percent,idea 2
hashed.LoCoMo.base192.fr3,41.21294343869887,pp,file:llmzip-work/incoming_20260916b/extracted/LLMZIP_IKI_FIKIR_DENEY_PAKETI_2026-09-16/LLMZIP_IKI_FIKIR_2026-09-16/results/SUMMARY.json,b454924b87875a13121486974b33219215427dfccc1e64685f6e068270376006,quality_levels_percent,idea 2: shared hashed encoder
hashed.LoCoMo.base192.hit10,62.11626387981711,pp,file:llmzip-work/incoming_20260916b/extracted/LLMZIP_IKI_FIKIR_DENEY_PAKETI_2026-09-16/LLMZIP_IKI_FIKIR_2026-09-16/results/SUMMARY.json,b454924b87875a13121486974b33219215427dfccc1e64685f6e068270376006,quality_levels_percent,idea 2
hashed.LoCoMo.shared_seed2026091601.fr3,18.592252628541868,pp,file:llmzip-work/incoming_20260916b/extracted/LLMZIP_IKI_FIKIR_DENEY_PAKETI_2026-09-16/LLMZIP_IKI_FIKIR_2026-09-16/results/SUMMARY.json,b454924b87875a13121486974b33219215427dfccc1e64685f6e068270376006,quality_levels_percent,idea 2: shared hashed encoder
hashed.LoCoMo.shared_seed2026091601.hit10,32.00522534291313,pp,file:llmzip-work/incoming_20260916b/extracted/LLMZIP_IKI_FIKIR_DENEY_PAKETI_2026-09-16/LLMZIP_IKI_FIKIR_2026-09-16/results/SUMMARY.json,b454924b87875a13121486974b33219215427dfccc1e64685f6e068270376006,quality_levels_percent,idea 2
hashed.PerLTQA.base192.fr3,54.81923164275122,pp,file:llmzip-work/incoming_20260916b/extracted/LLMZIP_IKI_FIKIR_DENEY_PAKETI_2026-09-16/LLMZIP_IKI_FIKIR_2026-09-16/results/SUMMARY.json,b454924b87875a13121486974b33219215427dfccc1e64685f6e068270376006,quality_levels_percent,idea 2: shared hashed encoder
hashed.PerLTQA.base192.hit10,80.71385359951603,pp,file:llmzip-work/incoming_20260916b/extracted/LLMZIP_IKI_FIKIR_DENEY_PAKETI_2026-09-16/LLMZIP_IKI_FIKIR_2026-09-16/results/SUMMARY.json,b454924b87875a13121486974b33219215427dfccc1e64685f6e068270376006,quality_levels_percent,idea 2
hashed.PerLTQA.shared_seed2026091601.fr3,26.904212209164363,pp,file:llmzip-work/incoming_20260916b/extracted/LLMZIP_IKI_FIKIR_DENEY_PAKETI_2026-09-16/LLMZIP_IKI_FIKIR_2026-09-16/results/SUMMARY.json,b454924b87875a13121486974b33219215427dfccc1e64685f6e068270376006,quality_levels_percent,idea 2: shared hashed encoder
hashed.PerLTQA.shared_seed2026091601.hit10,50.44162129461584,pp,file:llmzip-work/incoming_20260916b/extracted/LLMZIP_IKI_FIKIR_DENEY_PAKETI_2026-09-16/LLMZIP_IKI_FIKIR_2026-09-16/results/SUMMARY.json,b454924b87875a13121486974b33219215427dfccc1e64685f6e068270376006,quality_levels_percent,idea 2
chan.RealTalk.WORD.fr3,20.18023190363616,,artifact:7df5ff8a-1601-4c3d-8a22-3e0a3ea5740b,3b3a0c48b13d2b8c70535df1ded4daddeb2c8a6a5681780241e53de78533972e,summary.RealTalk.WORD.fr3,"channel ablation, k=96 sign codes"
chan.RealTalk.WORD.hit,43.687943262411345,,artifact:7df5ff8a-1601-4c3d-8a22-3e0a3ea5740b,3b3a0c48b13d2b8c70535df1ded4daddeb2c8a6a5681780241e53de78533972e,summary.RealTalk.WORD.hit,"channel ablation, k=96 sign codes"
chan.RealTalk.WORD.mb,10.028314,,artifact:7df5ff8a-1601-4c3d-8a22-3e0a3ea5740b,3b3a0c48b13d2b8c70535df1ded4daddeb2c8a6a5681780241e53de78533972e,summary.RealTalk.WORD.mb,"channel ablation, k=96 sign codes"
chan.RealTalk.WORD.n,705.0,,artifact:7df5ff8a-1601-4c3d-8a22-3e0a3ea5740b,3b3a0c48b13d2b8c70535df1ded4daddeb2c8a6a5681780241e53de78533972e,summary.RealTalk.WORD.n,"channel ablation, k=96 sign codes"
chan.RealTalk.WORD.arch,10.0,,artifact:7df5ff8a-1601-4c3d-8a22-3e0a3ea5740b,3b3a0c48b13d2b8c70535df1ded4daddeb2c8a6a5681780241e53de78533972e,summary.RealTalk.WORD.arch,"channel ablation, k=96 sign codes"
chan.RealTalk.WORD.d,-2.6873241022177194,,artifact:7df5ff8a-1601-4c3d-8a22-3e0a3ea5740b,3b3a0c48b13d2b8c70535df1ded4daddeb2c8a6a5681780241e53de78533972e,summary.RealTalk.WORD.d,"channel ablation, k=96 sign codes"
chan.RealTalk.WORD.lo,-4.445395121888591,,artifact:7df5ff8a-1601-4c3d-8a22-3e0a3ea5740b,3b3a0c48b13d2b8c70535df1ded4daddeb2c8a6a5681780241e53de78533972e,summary.RealTalk.WORD.lo,"channel ablation, k=96 sign codes"
chan.RealTalk.WORD.hi,-0.6615427778972947,,artifact:7df5ff8a-1601-4c3d-8a22-3e0a3ea5740b,3b3a0c48b13d2b8c70535df1ded4daddeb2c8a6a5681780241e53de78533972e,summary.RealTalk.WORD.hi,"channel ablation, k=96 sign codes"
chan.RealTalk.WORD.sig,1.0,,artifact:7df5ff8a-1601-4c3d-8a22-3e0a3ea5740b,3b3a0c48b13d2b8c70535df1ded4daddeb2c8a6a5681780241e53de78533972e,summary.RealTalk.WORD.sig,"channel ablation, k=96 sign codes"
chan.RealTalk.LSA_WORD.fr3,20.686853066472327,,artifact:7df5ff8a-1601-4c3d-8a22-3e0a3ea5740b,3b3a0c48b13d2b8c70535df1ded4daddeb2c8a6a5681780241e53de78533972e,summary.RealTalk.LSA_WORD.fr3,"channel ablation, k=96 sign codes"
chan.RealTalk.LSA_WORD.hit,42.12765957446808,,artifact:7df5ff8a-1601-4c3d-8a22-3e0a3ea5740b,3b3a0c48b13d2b8c70535df1ded4daddeb2c8a6a5681780241e53de78533972e,summary.RealTalk.LSA_WORD.hit,"channel ablation, k=96 sign codes"
chan.RealTalk.LSA_WORD.mb,10.043424,,artifact:7df5ff8a-1601-4c3d-8a22-3e0a3ea5740b,3b3a0c48b13d2b8c70535df1ded4daddeb2c8a6a5681780241e53de78533972e,summary.RealTalk.LSA_WORD.mb,"channel ablation, k=96 sign codes"
chan.RealTalk.LSA_WORD.n,705.0,,artifact:7df5ff8a-1601-4c3d-8a22-3e0a3ea5740b,3b3a0c48b13d2b8c70535df1ded4daddeb2c8a6a5681780241e53de78533972e,summary.RealTalk.LSA_WORD.n,"channel ablation, k=96 sign codes"
chan.RealTalk.LSA_WORD.arch,10.0,,artifact:7df5ff8a-1601-4c3d-8a22-3e0a3ea5740b,3b3a0c48b13d2b8c70535df1ded4daddeb2c8a6a5681780241e53de78533972e,summary.RealTalk.LSA_WORD.arch,"channel ablation, k=96 sign codes"
chan.RealTalk.LSA_WORD.d,-2.180702939381551,,artifact:7df5ff8a-1601-4c3d-8a22-3e0a3ea5740b,3b3a0c48b13d2b8c70535df1ded4daddeb2c8a6a5681780241e53de78533972e,summary.RealTalk.LSA_WORD.d,"channel ablation, k=96 sign codes"
chan.RealTalk.LSA_WORD.lo,-4.245288247584067,,artifact:7df5ff8a-1601-4c3d-8a22-3e0a3ea5740b,3b3a0c48b13d2b8c70535df1ded4daddeb2c8a6a5681780241e53de78533972e,summary.RealTalk.LSA_WORD.lo,"channel ablation, k=96 sign codes"
chan.RealTalk.LSA_WORD.hi,-0.38250561090680235,,artifact:7df5ff8a-1601-4c3d-8a22-3e0a3ea5740b,3b3a0c48b13d2b8c70535df1ded4daddeb2c8a6a5681780241e53de78533972e,summary.RealTalk.LSA_WORD.hi,"channel ablation, k=96 sign codes"
chan.RealTalk.LSA_WORD.sig,1.0,,artifact:7df5ff8a-1601-4c3d-8a22-3e0a3ea5740b,3b3a0c48b13d2b8c70535df1ded4daddeb2c8a6a5681780241e53de78533972e,summary.RealTalk.LSA_WORD.sig,"channel ablation, k=96 sign codes"
chan.RealTalk.LSA_WORD_CHAR.fr3,22.867556005853874,,artifact:7df5ff8a-1601-4c3d-8a22-3e0a3ea5740b,3b3a0c48b13d2b8c70535df1ded4daddeb2c8a6a5681780241e53de78533972e,summary.RealTalk.LSA_WORD_CHAR.fr3,"channel ablation, k=96 sign codes"
chan.RealTalk.LSA_WORD_CHAR.hit,46.52482269503546,,artifact:7df5ff8a-1601-4c3d-8a22-3e0a3ea5740b,3b3a0c48b13d2b8c70535df1ded4daddeb2c8a6a5681780241e53de78533972e,summary.RealTalk.LSA_WORD_CHAR.hit,"channel ablation, k=96 sign codes"
chan.RealTalk.LSA_WORD_CHAR.mb,31.845405,,artifact:7df5ff8a-1601-4c3d-8a22-3e0a3ea5740b,3b3a0c48b13d2b8c70535df1ded4daddeb2c8a6a5681780241e53de78533972e,summary.RealTalk.LSA_WORD_CHAR.mb,"channel ablation, k=96 sign codes"
chan.RealTalk.LSA_WORD_CHAR.n,705.0,,artifact:7df5ff8a-1601-4c3d-8a22-3e0a3ea5740b,3b3a0c48b13d2b8c70535df1ded4daddeb2c8a6a5681780241e53de78533972e,summary.RealTalk.LSA_WORD_CHAR.n,"channel ablation, k=96 sign codes"
chan.RealTalk.LSA_WORD_CHAR.arch,10.0,,artifact:7df5ff8a-1601-4c3d-8a22-3e0a3ea5740b,3b3a0c48b13d2b8c70535df1ded4daddeb2c8a6a5681780241e53de78533972e,summary.RealTalk.LSA_WORD_CHAR.arch,"channel ablation, k=96 sign codes"
chan.LoCoMo.WORD.fr3,23.177589266878403,,artifact:7df5ff8a-1601-4c3d-8a22-3e0a3ea5740b,3b3a0c48b13d2b8c70535df1ded4daddeb2c8a6a5681780241e53de78533972e,summary.LoCoMo.WORD.fr3,"channel ablation, k=96 sign codes"
chan.LoCoMo.WORD.hit,41.56351791530945,,artifact:7df5ff8a-1601-4c3d-8a22-3e0a3ea5740b,3b3a0c48b13d2b8c70535df1ded4daddeb2c8a6a5681780241e53de78533972e,summary.LoCoMo.WORD.hit,"channel ablation, k=96 sign codes"
chan.LoCoMo.WORD.mb,8.028107,,artifact:7df5ff8a-1601-4c3d-8a22-3e0a3ea5740b,3b3a0c48b13d2b8c70535df1ded4daddeb2c8a6a5681780241e53de78533972e,summary.LoCoMo.WORD.mb,"channel ablation, k=96 sign codes"
chan.LoCoMo.WORD.n,1535.0,,artifact:7df5ff8a-1601-4c3d-8a22-3e0a3ea5740b,3b3a0c48b13d2b8c70535df1ded4daddeb2c8a6a5681780241e53de78533972e,summary.LoCoMo.WORD.n,"channel ablation, k=96 sign codes"
chan.LoCoMo.WORD.arch,10.0,,artifact:7df5ff8a-1601-4c3d-8a22-3e0a3ea5740b,3b3a0c48b13d2b8c70535df1ded4daddeb2c8a6a5681780241e53de78533972e,summary.LoCoMo.WORD.arch,"channel ablation, k=96 sign codes"
chan.LoCoMo.WORD.d,-0.5211924074733042,,artifact:7df5ff8a-1601-4c3d-8a22-3e0a3ea5740b,3b3a0c48b13d2b8c70535df1ded4daddeb2c8a6a5681780241e53de78533972e,summary.LoCoMo.WORD.d,"channel ablation, k=96 sign codes"
chan.LoCoMo.WORD.lo,-2.0491232863408135,,artifact:7df5ff8a-1601-4c3d-8a22-3e0a3ea5740b,3b3a0c48b13d2b8c70535df1ded4daddeb2c8a6a5681780241e53de78533972e,summary.LoCoMo.WORD.lo,"channel ablation, k=96 sign codes"
chan.LoCoMo.WORD.hi,0.8343145900335441,,artifact:7df5ff8a-1601-4c3d-8a22-3e0a3ea5740b,3b3a0c48b13d2b8c70535df1ded4daddeb2c8a6a5681780241e53de78533972e,summary.LoCoMo.WORD.hi,"channel ablation, k=96 sign codes"
chan.LoCoMo.WORD.sig,0.0,,artifact:7df5ff8a-1601-4c3d-8a22-3e0a3ea5740b,3b3a0c48b13d2b8c70535df1ded4daddeb2c8a6a5681780241e53de78533972e,summary.LoCoMo.WORD.sig,"channel ablation, k=96 sign codes"
chan.LoCoMo.LSA_WORD.fr3,22.206344382325867,,artifact:7df5ff8a-1601-4c3d-8a22-3e0a3ea5740b,3b3a0c48b13d2b8c70535df1ded4daddeb2c8a6a5681780241e53de78533972e,summary.LoCoMo.LSA_WORD.fr3,"channel ablation, k=96 sign codes"
chan.LoCoMo.LSA_WORD.hit,41.88925081433225,,artifact:7df5ff8a-1601-4c3d-8a22-3e0a3ea5740b,3b3a0c48b13d2b8c70535df1ded4daddeb2c8a6a5681780241e53de78533972e,summary.LoCoMo.LSA_WORD.hit,"channel ablation, k=96 sign codes"
chan.LoCoMo.LSA_WORD.mb,8.042897,,artifact:7df5ff8a-1601-4c3d-8a22-3e0a3ea5740b,3b3a0c48b13d2b8c70535df1ded4daddeb2c8a6a5681780241e53de78533972e,summary.LoCoMo.LSA_WORD.mb,"channel ablation, k=96 sign codes"
chan.LoCoMo.LSA_WORD.n,1535.0,,artifact:7df5ff8a-1601-4c3d-8a22-3e0a3ea5740b,3b3a0c48b13d2b8c70535df1ded4daddeb2c8a6a5681780241e53de78533972e,summary.LoCoMo.LSA_WORD.n,"channel ablation, k=96 sign codes"
chan.LoCoMo.LSA_WORD.arch,10.0,,artifact:7df5ff8a-1601-4c3d-8a22-3e0a3ea5740b,3b3a0c48b13d2b8c70535df1ded4daddeb2c8a6a5681780241e53de78533972e,summary.LoCoMo.LSA_WORD.arch,"channel ablation, k=96 sign codes"
chan.LoCoMo.LSA_WORD.d,-1.49243729202584,,artifact:7df5ff8a-1601-4c3d-8a22-3e0a3ea5740b,3b3a0c48b13d2b8c70535df1ded4daddeb2c8a6a5681780241e53de78533972e,summary.LoCoMo.LSA_WORD.d,"channel ablation, k=96 sign codes"
chan.LoCoMo.LSA_WORD.lo,-3.0606598532925413,,artifact:7df5ff8a-1601-4c3d-8a22-3e0a3ea5740b,3b3a0c48b13d2b8c70535df1ded4daddeb2c8a6a5681780241e53de78533972e,summary.LoCoMo.LSA_WORD.lo,"channel ablation, k=96 sign codes"
chan.LoCoMo.LSA_WORD.hi,0.407258178181892,,artifact:7df5ff8a-1601-4c3d-8a22-3e0a3ea5740b,3b3a0c48b13d2b8c70535df1ded4daddeb2c8a6a5681780241e53de78533972e,summary.LoCoMo.LSA_WORD.hi,"channel ablation, k=96 sign codes"
chan.LoCoMo.LSA_WORD.sig,0.0,,artifact:7df5ff8a-1601-4c3d-8a22-3e0a3ea5740b,3b3a0c48b13d2b8c70535df1ded4daddeb2c8a6a5681780241e53de78533972e,summary.LoCoMo.LSA_WORD.sig,"channel ablation, k=96 sign codes"
chan.LoCoMo.LSA_WORD_CHAR.fr3,23.698781674351704,,artifact:7df5ff8a-1601-4c3d-8a22-3e0a3ea5740b,3b3a0c48b13d2b8c70535df1ded4daddeb2c8a6a5681780241e53de78533972e,summary.LoCoMo.LSA_WORD_CHAR.fr3,"channel ablation, k=96 sign codes"
chan.LoCoMo.LSA_WORD_CHAR.hit,43.4527687296417,,artifact:7df5ff8a-1601-4c3d-8a22-3e0a3ea5740b,3b3a0c48b13d2b8c70535df1ded4daddeb2c8a6a5681780241e53de78533972e,summary.LoCoMo.LSA_WORD_CHAR.hit,"channel ablation, k=96 sign codes"
chan.LoCoMo.LSA_WORD_CHAR.mb,24.759573,,artifact:7df5ff8a-1601-4c3d-8a22-3e0a3ea5740b,3b3a0c48b13d2b8c70535df1ded4daddeb2c8a6a5681780241e53de78533972e,summary.LoCoMo.LSA_WORD_CHAR.mb,"channel ablation, k=96 sign codes"
chan.LoCoMo.LSA_WORD_CHAR.n,1535.0,,artifact:7df5ff8a-1601-4c3d-8a22-3e0a3ea5740b,3b3a0c48b13d2b8c70535df1ded4daddeb2c8a6a5681780241e53de78533972e,summary.LoCoMo.LSA_WORD_CHAR.n,"channel ablation, k=96 sign codes"
chan.LoCoMo.LSA_WORD_CHAR.arch,10.0,,artifact:7df5ff8a-1601-4c3d-8a22-3e0a3ea5740b,3b3a0c48b13d2b8c70535df1ded4daddeb2c8a6a5681780241e53de78533972e,summary.LoCoMo.LSA_WORD_CHAR.arch,"channel ablation, k=96 sign codes"
chan.PerLTQA.WORD.fr3,51.49340124491551,,artifact:7df5ff8a-1601-4c3d-8a22-3e0a3ea5740b,3b3a0c48b13d2b8c70535df1ded4daddeb2c8a6a5681780241e53de78533972e,summary.PerLTQA.WORD.fr3,"channel ablation, k=96 sign codes"
chan.PerLTQA.WORD.hit,77.81004234724743,,artifact:7df5ff8a-1601-4c3d-8a22-3e0a3ea5740b,3b3a0c48b13d2b8c70535df1ded4daddeb2c8a6a5681780241e53de78533972e,summary.PerLTQA.WORD.hit,"channel ablation, k=96 sign codes"
chan.PerLTQA.WORD.mb,24.454485,,artifact:7df5ff8a-1601-4c3d-8a22-3e0a3ea5740b,3b3a0c48b13d2b8c70535df1ded4daddeb2c8a6a5681780241e53de78533972e,summary.PerLTQA.WORD.mb,"channel ablation, k=96 sign codes"
chan.PerLTQA.WORD.n,8265.0,,artifact:7df5ff8a-1601-4c3d-8a22-3e0a3ea5740b,3b3a0c48b13d2b8c70535df1ded4daddeb2c8a6a5681780241e53de78533972e,summary.PerLTQA.WORD.n,"channel ablation, k=96 sign codes"
chan.PerLTQA.WORD.arch,30.0,,artifact:7df5ff8a-1601-4c3d-8a22-3e0a3ea5740b,3b3a0c48b13d2b8c70535df1ded4daddeb2c8a6a5681780241e53de78533972e,summary.PerLTQA.WORD.arch,"channel ablation, k=96 sign codes"
chan.PerLTQA.WORD.d,2.401503592083062,,artifact:7df5ff8a-1601-4c3d-8a22-3e0a3ea5740b,3b3a0c48b13d2b8c70535df1ded4daddeb2c8a6a5681780241e53de78533972e,summary.PerLTQA.WORD.d,"channel ablation, k=96 sign codes"
chan.PerLTQA.WORD.lo,1.137574403226132,,artifact:7df5ff8a-1601-4c3d-8a22-3e0a3ea5740b,3b3a0c48b13d2b8c70535df1ded4daddeb2c8a6a5681780241e53de78533972e,summary.PerLTQA.WORD.lo,"channel ablation, k=96 sign codes"
chan.PerLTQA.WORD.hi,3.674832214049364,,artifact:7df5ff8a-1601-4c3d-8a22-3e0a3ea5740b,3b3a0c48b13d2b8c70535df1ded4daddeb2c8a6a5681780241e53de78533972e,summary.PerLTQA.WORD.hi,"channel ablation, k=96 sign codes"
chan.PerLTQA.WORD.sig,1.0,,artifact:7df5ff8a-1601-4c3d-8a22-3e0a3ea5740b,3b3a0c48b13d2b8c70535df1ded4daddeb2c8a6a5681780241e53de78533972e,summary.PerLTQA.WORD.sig,"channel ablation, k=96 sign codes"
chan.PerLTQA.LSA_WORD.fr3,52.22046689303941,,artifact:7df5ff8a-1601-4c3d-8a22-3e0a3ea5740b,3b3a0c48b13d2b8c70535df1ded4daddeb2c8a6a5681780241e53de78533972e,summary.PerLTQA.LSA_WORD.fr3,"channel ablation, k=96 sign codes"
chan.PerLTQA.LSA_WORD.hit,77.07199032062915,,artifact:7df5ff8a-1601-4c3d-8a22-3e0a3ea5740b,3b3a0c48b13d2b8c70535df1ded4daddeb2c8a6a5681780241e53de78533972e,summary.PerLTQA.LSA_WORD.hit,"channel ablation, k=96 sign codes"
chan.PerLTQA.LSA_WORD.mb,24.498855,,artifact:7df5ff8a-1601-4c3d-8a22-3e0a3ea5740b,3b3a0c48b13d2b8c70535df1ded4daddeb2c8a6a5681780241e53de78533972e,summary.PerLTQA.LSA_WORD.mb,"channel ablation, k=96 sign codes"
chan.PerLTQA.LSA_WORD.n,8265.0,,artifact:7df5ff8a-1601-4c3d-8a22-3e0a3ea5740b,3b3a0c48b13d2b8c70535df1ded4daddeb2c8a6a5681780241e53de78533972e,summary.PerLTQA.LSA_WORD.n,"channel ablation, k=96 sign codes"
chan.PerLTQA.LSA_WORD.arch,30.0,,artifact:7df5ff8a-1601-4c3d-8a22-3e0a3ea5740b,3b3a0c48b13d2b8c70535df1ded4daddeb2c8a6a5681780241e53de78533972e,summary.PerLTQA.LSA_WORD.arch,"channel ablation, k=96 sign codes"
chan.PerLTQA.LSA_WORD.d,3.1285692402069607,,artifact:7df5ff8a-1601-4c3d-8a22-3e0a3ea5740b,3b3a0c48b13d2b8c70535df1ded4daddeb2c8a6a5681780241e53de78533972e,summary.PerLTQA.LSA_WORD.d,"channel ablation, k=96 sign codes"
chan.PerLTQA.LSA_WORD.lo,1.9561214003839154,,artifact:7df5ff8a-1601-4c3d-8a22-3e0a3ea5740b,3b3a0c48b13d2b8c70535df1ded4daddeb2c8a6a5681780241e53de78533972e,summary.PerLTQA.LSA_WORD.lo,"channel ablation, k=96 sign codes"
chan.PerLTQA.LSA_WORD.hi,4.260160535028997,,artifact:7df5ff8a-1601-4c3d-8a22-3e0a3ea5740b,3b3a0c48b13d2b8c70535df1ded4daddeb2c8a6a5681780241e53de78533972e,summary.PerLTQA.LSA_WORD.hi,"channel ablation, k=96 sign codes"
chan.PerLTQA.LSA_WORD.sig,1.0,,artifact:7df5ff8a-1601-4c3d-8a22-3e0a3ea5740b,3b3a0c48b13d2b8c70535df1ded4daddeb2c8a6a5681780241e53de78533972e,summary.PerLTQA.LSA_WORD.sig,"channel ablation, k=96 sign codes"
chan.PerLTQA.LSA_WORD_CHAR.fr3,49.091897652832465,,artifact:7df5ff8a-1601-4c3d-8a22-3e0a3ea5740b,3b3a0c48b13d2b8c70535df1ded4daddeb2c8a6a5681780241e53de78533972e,summary.PerLTQA.LSA_WORD_CHAR.fr3,"channel ablation, k=96 sign codes"
chan.PerLTQA.LSA_WORD_CHAR.hit,75.68058076225046,,artifact:7df5ff8a-1601-4c3d-8a22-3e0a3ea5740b,3b3a0c48b13d2b8c70535df1ded4daddeb2c8a6a5681780241e53de78533972e,summary.PerLTQA.LSA_WORD_CHAR.hit,"channel ablation, k=96 sign codes"
chan.PerLTQA.LSA_WORD_CHAR.mb,78.871205,,artifact:7df5ff8a-1601-4c3d-8a22-3e0a3ea5740b,3b3a0c48b13d2b8c70535df1ded4daddeb2c8a6a5681780241e53de78533972e,summary.PerLTQA.LSA_WORD_CHAR.mb,"channel ablation, k=96 sign codes"
chan.PerLTQA.LSA_WORD_CHAR.n,8265.0,,artifact:7df5ff8a-1601-4c3d-8a22-3e0a3ea5740b,3b3a0c48b13d2b8c70535df1ded4daddeb2c8a6a5681780241e53de78533972e,summary.PerLTQA.LSA_WORD_CHAR.n,"channel ablation, k=96 sign codes"
chan.PerLTQA.LSA_WORD_CHAR.arch,30.0,,artifact:7df5ff8a-1601-4c3d-8a22-3e0a3ea5740b,3b3a0c48b13d2b8c70535df1ded4daddeb2c8a6a5681780241e53de78533972e,summary.PerLTQA.LSA_WORD_CHAR.arch,"channel ablation, k=96 sign codes"
chan.LME.WORD.fr3,50.7659574468085,,artifact:7df5ff8a-1601-4c3d-8a22-3e0a3ea5740b,3b3a0c48b13d2b8c70535df1ded4daddeb2c8a6a5681780241e53de78533972e,summary.LME.WORD.fr3,"channel ablation, k=96 sign codes"
chan.LME.WORD.hit,84.68085106382979,,artifact:7df5ff8a-1601-4c3d-8a22-3e0a3ea5740b,3b3a0c48b13d2b8c70535df1ded4daddeb2c8a6a5681780241e53de78533972e,summary.LME.WORD.hit,"channel ablation, k=96 sign codes"
chan.LME.WORD.mb,2113.975645,,artifact:7df5ff8a-1601-4c3d-8a22-3e0a3ea5740b,3b3a0c48b13d2b8c70535df1ded4daddeb2c8a6a5681780241e53de78533972e,summary.LME.WORD.mb,"channel ablation, k=96 sign codes"
chan.LME.WORD.n,470.0,,artifact:7df5ff8a-1601-4c3d-8a22-3e0a3ea5740b,3b3a0c48b13d2b8c70535df1ded4daddeb2c8a6a5681780241e53de78533972e,summary.LME.WORD.n,"channel ablation, k=96 sign codes"
chan.LME.WORD.arch,470.0,,artifact:7df5ff8a-1601-4c3d-8a22-3e0a3ea5740b,3b3a0c48b13d2b8c70535df1ded4daddeb2c8a6a5681780241e53de78533972e,summary.LME.WORD.arch,"channel ablation, k=96 sign codes"
chan.LME.WORD.d,-3.836879432624114,,artifact:7df5ff8a-1601-4c3d-8a22-3e0a3ea5740b,3b3a0c48b13d2b8c70535df1ded4daddeb2c8a6a5681780241e53de78533972e,summary.LME.WORD.d,"channel ablation, k=96 sign codes"
chan.LME.WORD.lo,-6.879432624113475,,artifact:7df5ff8a-1601-4c3d-8a22-3e0a3ea5740b,3b3a0c48b13d2b8c70535df1ded4daddeb2c8a6a5681780241e53de78533972e,summary.LME.WORD.lo,"channel ablation, k=96 sign codes"
chan.LME.WORD.hi,-0.75177304964539,,artifact:7df5ff8a-1601-4c3d-8a22-3e0a3ea5740b,3b3a0c48b13d2b8c70535df1ded4daddeb2c8a6a5681780241e53de78533972e,summary.LME.WORD.hi,"channel ablation, k=96 sign codes"
chan.LME.WORD.sig,1.0,,artifact:7df5ff8a-1601-4c3d-8a22-3e0a3ea5740b,3b3a0c48b13d2b8c70535df1ded4daddeb2c8a6a5681780241e53de78533972e,summary.LME.WORD.sig,"channel ablation, k=96 sign codes"
chan.LME.LSA_WORD.fr3,50.205673758865245,,artifact:7df5ff8a-1601-4c3d-8a22-3e0a3ea5740b,3b3a0c48b13d2b8c70535df1ded4daddeb2c8a6a5681780241e53de78533972e,summary.LME.LSA_WORD.fr3,"channel ablation, k=96 sign codes"
chan.LME.LSA_WORD.hit,84.25531914893617,,artifact:7df5ff8a-1601-4c3d-8a22-3e0a3ea5740b,3b3a0c48b13d2b8c70535df1ded4daddeb2c8a6a5681780241e53de78533972e,summary.LME.LSA_WORD.hit,"channel ablation, k=96 sign codes"
chan.LME.LSA_WORD.mb,2114.671095,,artifact:7df5ff8a-1601-4c3d-8a22-3e0a3ea5740b,3b3a0c48b13d2b8c70535df1ded4daddeb2c8a6a5681780241e53de78533972e,summary.LME.LSA_WORD.mb,"channel ablation, k=96 sign codes"
chan.LME.LSA_WORD.n,470.0,,artifact:7df5ff8a-1601-4c3d-8a22-3e0a3ea5740b,3b3a0c48b13d2b8c70535df1ded4daddeb2c8a6a5681780241e53de78533972e,summary.LME.LSA_WORD.n,"channel ablation, k=96 sign codes"
chan.LME.LSA_WORD.arch,470.0,,artifact:7df5ff8a-1601-4c3d-8a22-3e0a3ea5740b,3b3a0c48b13d2b8c70535df1ded4daddeb2c8a6a5681780241e53de78533972e,summary.LME.LSA_WORD.arch,"channel ablation, k=96 sign codes"
chan.LME.LSA_WORD.d,-4.397163120567376,,artifact:7df5ff8a-1601-4c3d-8a22-3e0a3ea5740b,3b3a0c48b13d2b8c70535df1ded4daddeb2c8a6a5681780241e53de78533972e,summary.LME.LSA_WORD.d,"channel ablation, k=96 sign codes"
chan.LME.LSA_WORD.lo,-7.475265957446808,,artifact:7df5ff8a-1601-4c3d-8a22-3e0a3ea5740b,3b3a0c48b13d2b8c70535df1ded4daddeb2c8a6a5681780241e53de78533972e,summary.LME.LSA_WORD.lo,"channel ablation, k=96 sign codes"
chan.LME.LSA_WORD.hi,-1.2836879432624115,,artifact:7df5ff8a-1601-4c3d-8a22-3e0a3ea5740b,3b3a0c48b13d2b8c70535df1ded4daddeb2c8a6a5681780241e53de78533972e,summary.LME.LSA_WORD.hi,"channel ablation, k=96 sign codes"
chan.LME.LSA_WORD.sig,1.0,,artifact:7df5ff8a-1601-4c3d-8a22-3e0a3ea5740b,3b3a0c48b13d2b8c70535df1ded4daddeb2c8a6a5681780241e53de78533972e,summary.LME.LSA_WORD.sig,"channel ablation, k=96 sign codes"
chan.LME.LSA_WORD_CHAR.fr3,54.60283687943263,,artifact:7df5ff8a-1601-4c3d-8a22-3e0a3ea5740b,3b3a0c48b13d2b8c70535df1ded4daddeb2c8a6a5681780241e53de78533972e,summary.LME.LSA_WORD_CHAR.fr3,"channel ablation, k=96 sign codes"
chan.LME.LSA_WORD_CHAR.hit,86.38297872340425,,artifact:7df5ff8a-1601-4c3d-8a22-3e0a3ea5740b,3b3a0c48b13d2b8c70535df1ded4daddeb2c8a6a5681780241e53de78533972e,summary.LME.LSA_WORD_CHAR.hit,"channel ablation, k=96 sign codes"
chan.LME.LSA_WORD_CHAR.mb,5241.131106,,artifact:7df5ff8a-1601-4c3d-8a22-3e0a3ea5740b,3b3a0c48b13d2b8c70535df1ded4daddeb2c8a6a5681780241e53de78533972e,summary.LME.LSA_WORD_CHAR.mb,"channel ablation, k=96 sign codes"
chan.LME.LSA_WORD_CHAR.n,470.0,,artifact:7df5ff8a-1601-4c3d-8a22-3e0a3ea5740b,3b3a0c48b13d2b8c70535df1ded4daddeb2c8a6a5681780241e53de78533972e,summary.LME.LSA_WORD_CHAR.n,"channel ablation, k=96 sign codes"
chan.LME.LSA_WORD_CHAR.arch,470.0,,artifact:7df5ff8a-1601-4c3d-8a22-3e0a3ea5740b,3b3a0c48b13d2b8c70535df1ded4daddeb2c8a6a5681780241e53de78533972e,summary.LME.LSA_WORD_CHAR.arch,"channel ablation, k=96 sign codes"
vocab.locomo.archives,10,count,file:llmzip/repro/runs/vocab/VOCAB_COMPACTION_locomo_2026-09-21.json,0752ed7d589885f7ade4b82123f5acf1504ea0a3b260edc10639af33fc56717b,per_archive,archives
vocab.locomo.stock,24841879,bytes,file:llmzip/repro/runs/vocab/VOCAB_COMPACTION_locomo_2026-09-21.json,0752ed7d589885f7ade4b82123f5acf1504ea0a3b260edc10639af33fc56717b,aggregate.*.stock_bytes,stock vocab bytes
vocab.locomo.compact,9050161,bytes,file:llmzip/repro/runs/vocab/VOCAB_COMPACTION_locomo_2026-09-21.json,0752ed7d589885f7ade4b82123f5acf1504ea0a3b260edc10639af33fc56717b,aggregate.*.compact_bytes,compact vocab bytes
vocab.locomo.saving_pct,63.5689,%,file:llmzip/repro/runs/vocab/VOCAB_COMPACTION_locomo_2026-09-21.json,0752ed7d589885f7ade4b82123f5acf1504ea0a3b260edc10639af33fc56717b,derived,saving
vocab.locomo.vectors,3070,count,file:llmzip/repro/runs/vocab/VOCAB_COMPACTION_locomo_2026-09-21.json,0752ed7d589885f7ade4b82123f5acf1504ea0a3b260edc10639af33fc56717b,aggregate.*.queries_compared,query vectors compared
vocab.locomo.mismatch,0,count,file:llmzip/repro/runs/vocab/VOCAB_COMPACTION_locomo_2026-09-21.json,0752ed7d589885f7ade4b82123f5acf1504ea0a3b260edc10639af33fc56717b,aggregate.*.bit_mismatches,differing vectors
vocab.locomo.latency,0.9308271771487575,ratio,file:llmzip/repro/runs/vocab/VOCAB_COMPACTION_locomo_2026-09-21.json,0752ed7d589885f7ade4b82123f5acf1504ea0a3b260edc10639af33fc56717b,gate.latency_ratio,compact/stock transform time
vocab.locomo.gate,True,bool,file:llmzip/repro/runs/vocab/VOCAB_COMPACTION_locomo_2026-09-21.json,0752ed7d589885f7ade4b82123f5acf1504ea0a3b260edc10639af33fc56717b,gate.adopt,gate outcome
vocab.perltqa.archives,30,count,file:llmzip/repro/runs/vocab/VOCAB_COMPACTION_perltqa_2026-09-21.json,136b49559c5c41b10d1682d5bd9bea1507f45d45d19309a5c1382d1cf0a60386,per_archive,archives
vocab.perltqa.stock,79114283,bytes,file:llmzip/repro/runs/vocab/VOCAB_COMPACTION_perltqa_2026-09-21.json,136b49559c5c41b10d1682d5bd9bea1507f45d45d19309a5c1382d1cf0a60386,aggregate.*.stock_bytes,stock vocab bytes
vocab.perltqa.compact,29346286,bytes,file:llmzip/repro/runs/vocab/VOCAB_COMPACTION_perltqa_2026-09-21.json,136b49559c5c41b10d1682d5bd9bea1507f45d45d19309a5c1382d1cf0a60386,aggregate.*.compact_bytes,compact vocab bytes
vocab.perltqa.saving_pct,62.9065,%,file:llmzip/repro/runs/vocab/VOCAB_COMPACTION_perltqa_2026-09-21.json,136b49559c5c41b10d1682d5bd9bea1507f45d45d19309a5c1382d1cf0a60386,derived,saving
vocab.perltqa.vectors,16530,count,file:llmzip/repro/runs/vocab/VOCAB_COMPACTION_perltqa_2026-09-21.json,136b49559c5c41b10d1682d5bd9bea1507f45d45d19309a5c1382d1cf0a60386,aggregate.*.queries_compared,query vectors compared
vocab.perltqa.mismatch,0,count,file:llmzip/repro/runs/vocab/VOCAB_COMPACTION_perltqa_2026-09-21.json,136b49559c5c41b10d1682d5bd9bea1507f45d45d19309a5c1382d1cf0a60386,aggregate.*.bit_mismatches,differing vectors
vocab.perltqa.latency,0.9189167652359528,ratio,file:llmzip/repro/runs/vocab/VOCAB_COMPACTION_perltqa_2026-09-21.json,136b49559c5c41b10d1682d5bd9bea1507f45d45d19309a5c1382d1cf0a60386,gate.latency_ratio,compact/stock transform time
vocab.perltqa.gate,True,bool,file:llmzip/repro/runs/vocab/VOCAB_COMPACTION_perltqa_2026-09-21.json,136b49559c5c41b10d1682d5bd9bea1507f45d45d19309a5c1382d1cf0a60386,gate.adopt,gate outcome
vocab.lme.archives,470,count,file:llmzip/repro/runs/vocab/VOCAB_COMPACTION_lme_2026-09-21.json,8acb2cb724f00ce513fbc2f263081518fc1a60494f3d14484a16f3a7601095a9,per_archive,archives
vocab.lme.stock,5244908176,bytes,file:llmzip/repro/runs/vocab/VOCAB_COMPACTION_lme_2026-09-21.json,8acb2cb724f00ce513fbc2f263081518fc1a60494f3d14484a16f3a7601095a9,aggregate.*.stock_bytes,stock vocab bytes
vocab.lme.compact,1915356081,bytes,file:llmzip/repro/runs/vocab/VOCAB_COMPACTION_lme_2026-09-21.json,8acb2cb724f00ce513fbc2f263081518fc1a60494f3d14484a16f3a7601095a9,aggregate.*.compact_bytes,compact vocab bytes
vocab.lme.saving_pct,63.4816,%,file:llmzip/repro/runs/vocab/VOCAB_COMPACTION_lme_2026-09-21.json,8acb2cb724f00ce513fbc2f263081518fc1a60494f3d14484a16f3a7601095a9,derived,saving
vocab.lme.vectors,940,count,file:llmzip/repro/runs/vocab/VOCAB_COMPACTION_lme_2026-09-21.json,8acb2cb724f00ce513fbc2f263081518fc1a60494f3d14484a16f3a7601095a9,aggregate.*.queries_compared,query vectors compared
vocab.lme.mismatch,0,count,file:llmzip/repro/runs/vocab/VOCAB_COMPACTION_lme_2026-09-21.json,8acb2cb724f00ce513fbc2f263081518fc1a60494f3d14484a16f3a7601095a9,aggregate.*.bit_mismatches,differing vectors
vocab.lme.latency,0.9530755519080659,ratio,file:llmzip/repro/runs/vocab/VOCAB_COMPACTION_lme_2026-09-21.json,8acb2cb724f00ce513fbc2f263081518fc1a60494f3d14484a16f3a7601095a9,gate.latency_ratio,compact/stock transform time
vocab.lme.gate,True,bool,file:llmzip/repro/runs/vocab/VOCAB_COMPACTION_lme_2026-09-21.json,8acb2cb724f00ce513fbc2f263081518fc1a60494f3d14484a16f3a7601095a9,gate.adopt,gate outcome
reach.no_index,301.35211726384364,docs,artifact:50cac9a7-c6ea-469a-a9a0-7f1c99691821,7cd483b7f7487d6e9a1a9f0420b93820cb812808f7848a598e60122a2c3cd769,no_index_ET,E[T] with no index
reach.floor,1.0,docs,artifact:50cac9a7-c6ea-469a-a9a0-7f1c99691821,7cd483b7f7487d6e9a1a9f0420b93820cb812808f7848a598e60122a2c3cd769,bound_96bit_ET,floor for 96 routing bits
reach.sign96.E_T,75.20065146579805,docs,artifact:50cac9a7-c6ea-469a-a9a0-7f1c99691821,7cd483b7f7487d6e9a1a9f0420b93820cb812808f7848a598e60122a2c3cd769,arms.sign96.E_T,"E[T] reach work, LoCoMo"
reach.sign96.median,16.0,docs,artifact:50cac9a7-c6ea-469a-a9a0-7f1c99691821,7cd483b7f7487d6e9a1a9f0420b93820cb812808f7848a598e60122a2c3cd769,arms.sign96.median,"E[T] reach work, LoCoMo"
reach.sign96.p90,252.0,docs,artifact:50cac9a7-c6ea-469a-a9a0-7f1c99691821,7cd483b7f7487d6e9a1a9f0420b93820cb812808f7848a598e60122a2c3cd769,arms.sign96.p90,"E[T] reach work, LoCoMo"
reach.sign96.max,649.0,docs,artifact:50cac9a7-c6ea-469a-a9a0-7f1c99691821,7cd483b7f7487d6e9a1a9f0420b93820cb812808f7848a598e60122a2c3cd769,arms.sign96.max,"E[T] reach work, LoCoMo"
reach.sign96.n,1535,docs,artifact:50cac9a7-c6ea-469a-a9a0-7f1c99691821,7cd483b7f7487d6e9a1a9f0420b93820cb812808f7848a598e60122a2c3cd769,arms.sign96.n,"E[T] reach work, LoCoMo"
reach.float96.E_T,67.15374592833876,docs,artifact:50cac9a7-c6ea-469a-a9a0-7f1c99691821,7cd483b7f7487d6e9a1a9f0420b93820cb812808f7848a598e60122a2c3cd769,arms.float96.E_T,"E[T] reach work, LoCoMo"
reach.float96.median,24.0,docs,artifact:50cac9a7-c6ea-469a-a9a0-7f1c99691821,7cd483b7f7487d6e9a1a9f0420b93820cb812808f7848a598e60122a2c3cd769,arms.float96.median,"E[T] reach work, LoCoMo"
reach.float96.p90,198.0,docs,artifact:50cac9a7-c6ea-469a-a9a0-7f1c99691821,7cd483b7f7487d6e9a1a9f0420b93820cb812808f7848a598e60122a2c3cd769,arms.float96.p90,"E[T] reach work, LoCoMo"
reach.float96.max,666.0,docs,artifact:50cac9a7-c6ea-469a-a9a0-7f1c99691821,7cd483b7f7487d6e9a1a9f0420b93820cb812808f7848a598e60122a2c3cd769,arms.float96.max,"E[T] reach work, LoCoMo"
reach.float96.n,1535,docs,artifact:50cac9a7-c6ea-469a-a9a0-7f1c99691821,7cd483b7f7487d6e9a1a9f0420b93820cb812808f7848a598e60122a2c3cd769,arms.float96.n,"E[T] reach work, LoCoMo"
reach.bm25.E_T,63.16742671009772,docs,artifact:50cac9a7-c6ea-469a-a9a0-7f1c99691821,7cd483b7f7487d6e9a1a9f0420b93820cb812808f7848a598e60122a2c3cd769,arms.bm25.E_T,"E[T] reach work, LoCoMo"
reach.bm25.median,6.0,docs,artifact:50cac9a7-c6ea-469a-a9a0-7f1c99691821,7cd483b7f7487d6e9a1a9f0420b93820cb812808f7848a598e60122a2c3cd769,arms.bm25.median,"E[T] reach work, LoCoMo"
reach.bm25.p90,232.8000000000004,docs,artifact:50cac9a7-c6ea-469a-a9a0-7f1c99691821,7cd483b7f7487d6e9a1a9f0420b93820cb812808f7848a598e60122a2c3cd769,arms.bm25.p90,"E[T] reach work, LoCoMo"
reach.bm25.max,667.0,docs,artifact:50cac9a7-c6ea-469a-a9a0-7f1c99691821,7cd483b7f7487d6e9a1a9f0420b93820cb812808f7848a598e60122a2c3cd769,arms.bm25.max,"E[T] reach work, LoCoMo"
reach.bm25.n,1535,docs,artifact:50cac9a7-c6ea-469a-a9a0-7f1c99691821,7cd483b7f7487d6e9a1a9f0420b93820cb812808f7848a598e60122a2c3cd769,arms.bm25.n,"E[T] reach work, LoCoMo"
reach.oracle_min,36.85472312703583,docs,artifact:50cac9a7-c6ea-469a-a9a0-7f1c99691821,7cd483b7f7487d6e9a1a9f0420b93820cb812808f7848a598e60122a2c3cd769,derived per_query,"per-query oracle min(sign96,bm25)"
reach.oracle_min_float,34.14527687296417,docs,artifact:50cac9a7-c6ea-469a-a9a0-7f1c99691821,7cd483b7f7487d6e9a1a9f0420b93820cb812808f7848a598e60122a2c3cd769,derived per_query,"oracle min(float96,bm25)"
reach.code_better_pct,30.55374592833876,%,artifact:50cac9a7-c6ea-469a-a9a0-7f1c99691821,7cd483b7f7487d6e9a1a9f0420b93820cb812808f7848a598e60122a2c3cd769,derived,queries where code opens fewer docs
reach.tie_pct,12.638436482084693,%,artifact:50cac9a7-c6ea-469a-a9a0-7f1c99691821,7cd483b7f7487d6e9a1a9f0420b93820cb812808f7848a598e60122a2c3cd769,derived,ties
reach.interleave,72.70944625407166,docs,artifact:50cac9a7-c6ea-469a-a9a0-7f1c99691821,7cd483b7f7487d6e9a1a9f0420b93820cb812808f7848a598e60122a2c3cd769,derived,naive interleave upper bound
policy.code.static,75.20065146579805,docs,artifact:56cf47df-fe7d-49c8-8ff4-fcf5eb4554dc,77aa6a24ebd8a8405d260136ee430568b875b52c5eb552a91f334f10591a5211,code.static,policy-shaped arm
policy.bm25.static,63.16742671009772,docs,artifact:56cf47df-fe7d-49c8-8ff4-fcf5eb4554dc,77aa6a24ebd8a8405d260136ee430568b875b52c5eb552a91f334f10591a5211,bm25_control.static,same penalty on BM25 (control)
policy.code.adaptive,74.03778501628665,docs,artifact:56cf47df-fe7d-49c8-8ff4-fcf5eb4554dc,77aa6a24ebd8a8405d260136ee430568b875b52c5eb552a91f334f10591a5211,code.adaptive,policy-shaped arm
policy.bm25.adaptive,63.16742671009772,docs,artifact:56cf47df-fe7d-49c8-8ff4-fcf5eb4554dc,77aa6a24ebd8a8405d260136ee430568b875b52c5eb552a91f334f10591a5211,bm25_control.adaptive,same penalty on BM25 (control)
policy.code.delta,-1.1628664495114007,docs,artifact:56cf47df-fe7d-49c8-8ff4-fcf5eb4554dc,77aa6a24ebd8a8405d260136ee430568b875b52c5eb552a91f334f10591a5211,code.delta,policy-shaped arm
policy.bm25.delta,0.0,docs,artifact:56cf47df-fe7d-49c8-8ff4-fcf5eb4554dc,77aa6a24ebd8a8405d260136ee430568b875b52c5eb552a91f334f10591a5211,bm25_control.delta,same penalty on BM25 (control)
policy.code.lo,-2.2223840962130366,docs,artifact:56cf47df-fe7d-49c8-8ff4-fcf5eb4554dc,77aa6a24ebd8a8405d260136ee430568b875b52c5eb552a91f334f10591a5211,code.lo,policy-shaped arm
policy.bm25.lo,0.0,docs,artifact:56cf47df-fe7d-49c8-8ff4-fcf5eb4554dc,77aa6a24ebd8a8405d260136ee430568b875b52c5eb552a91f334f10591a5211,bm25_control.lo,same penalty on BM25 (control)
policy.code.hi,-0.1499972035794186,docs,artifact:56cf47df-fe7d-49c8-8ff4-fcf5eb4554dc,77aa6a24ebd8a8405d260136ee430568b875b52c5eb552a91f334f10591a5211,code.hi,policy-shaped arm
policy.bm25.hi,0.0,docs,artifact:56cf47df-fe7d-49c8-8ff4-fcf5eb4554dc,77aa6a24ebd8a8405d260136ee430568b875b52c5eb552a91f334f10591a5211,bm25_control.hi,same penalty on BM25 (control)
policy.grid.code.0.0,75.20065146579805,docs,artifact:56cf47df-fe7d-49c8-8ff4-fcf5eb4554dc,77aa6a24ebd8a8405d260136ee430568b875b52c5eb552a91f334f10591a5211,grid_mean_T.code.0.0,mean T by lambda
policy.grid.code.0.25,74.7543973941368,docs,artifact:56cf47df-fe7d-49c8-8ff4-fcf5eb4554dc,77aa6a24ebd8a8405d260136ee430568b875b52c5eb552a91f334f10591a5211,grid_mean_T.code.0.25,mean T by lambda
policy.grid.code.0.5,74.51465798045602,docs,artifact:56cf47df-fe7d-49c8-8ff4-fcf5eb4554dc,77aa6a24ebd8a8405d260136ee430568b875b52c5eb552a91f334f10591a5211,grid_mean_T.code.0.5,mean T by lambda
policy.grid.code.1.0,74.03778501628665,docs,artifact:56cf47df-fe7d-49c8-8ff4-fcf5eb4554dc,77aa6a24ebd8a8405d260136ee430568b875b52c5eb552a91f334f10591a5211,grid_mean_T.code.1.0,mean T by lambda
policy.grid.code.2.0,74.85602605863193,docs,artifact:56cf47df-fe7d-49c8-8ff4-fcf5eb4554dc,77aa6a24ebd8a8405d260136ee430568b875b52c5eb552a91f334f10591a5211,grid_mean_T.code.2.0,mean T by lambda
policy.grid.code.4.0,77.7915309446254,docs,artifact:56cf47df-fe7d-49c8-8ff4-fcf5eb4554dc,77aa6a24ebd8a8405d260136ee430568b875b52c5eb552a91f334f10591a5211,grid_mean_T.code.4.0,mean T by lambda
policy.grid.code.8.0,97.0814332247557,docs,artifact:56cf47df-fe7d-49c8-8ff4-fcf5eb4554dc,77aa6a24ebd8a8405d260136ee430568b875b52c5eb552a91f334f10591a5211,grid_mean_T.code.8.0,mean T by lambda
policy.grid.bm25.0.0,63.16742671009772,docs,artifact:56cf47df-fe7d-49c8-8ff4-fcf5eb4554dc,77aa6a24ebd8a8405d260136ee430568b875b52c5eb552a91f334f10591a5211,grid_mean_T.bm25.0.0,mean T by lambda
policy.grid.bm25.0.25,64.66644951140066,docs,artifact:56cf47df-fe7d-49c8-8ff4-fcf5eb4554dc,77aa6a24ebd8a8405d260136ee430568b875b52c5eb552a91f334f10591a5211,grid_mean_T.bm25.0.25,mean T by lambda
policy.grid.bm25.0.5,66.49120521172638,docs,artifact:56cf47df-fe7d-49c8-8ff4-fcf5eb4554dc,77aa6a24ebd8a8405d260136ee430568b875b52c5eb552a91f334f10591a5211,grid_mean_T.bm25.0.5,mean T by lambda
policy.grid.bm25.1.0,70.1400651465798,docs,artifact:56cf47df-fe7d-49c8-8ff4-fcf5eb4554dc,77aa6a24ebd8a8405d260136ee430568b875b52c5eb552a91f334f10591a5211,grid_mean_T.bm25.1.0,mean T by lambda
policy.grid.bm25.2.0,73.4671009771987,docs,artifact:56cf47df-fe7d-49c8-8ff4-fcf5eb4554dc,77aa6a24ebd8a8405d260136ee430568b875b52c5eb552a91f334f10591a5211,grid_mean_T.bm25.2.0,mean T by lambda
policy.grid.bm25.4.0,78.90097719869706,docs,artifact:56cf47df-fe7d-49c8-8ff4-fcf5eb4554dc,77aa6a24ebd8a8405d260136ee430568b875b52c5eb552a91f334f10591a5211,grid_mean_T.bm25.4.0,mean T by lambda
policy.grid.bm25.8.0,86.23192182410423,docs,artifact:56cf47df-fe7d-49c8-8ff4-fcf5eb4554dc,77aa6a24ebd8a8405d260136ee430568b875b52c5eb552a91f334f10591a5211,grid_mean_T.bm25.8.0,mean T by lambda
policy.lambda_loo,[1.0],list,artifact:56cf47df-fe7d-49c8-8ff4-fcf5eb4554dc,77aa6a24ebd8a8405d260136ee430568b875b52c5eb552a91f334f10591a5211,lambda_loo.code,lambda chosen by LOO
fusion.LoCoMo.bm25.E_T,63.16742671009772,,artifact:bbeda58c-84b3-47df-8cc6-4103e0afc47a,59688c362b84cac0db105721d712ba58a910b9fb966db5d51080aa1315227b6c,results.LoCoMo.bm25.E_T,BM25 reference
fusion.LoCoMo.bm25.FR3,37.65909678450396,,artifact:bbeda58c-84b3-47df-8cc6-4103e0afc47a,59688c362b84cac0db105721d712ba58a910b9fb966db5d51080aa1315227b6c,results.LoCoMo.bm25.FR3,BM25 reference
fusion.LoCoMo.bm25.Hit10,57.65472312703584,,artifact:bbeda58c-84b3-47df-8cc6-4103e0afc47a,59688c362b84cac0db105721d712ba58a910b9fb966db5d51080aa1315227b6c,results.LoCoMo.bm25.Hit10,BM25 reference
fusion.LoCoMo.code.E_T,75.20065146579805,,artifact:bbeda58c-84b3-47df-8cc6-4103e0afc47a,59688c362b84cac0db105721d712ba58a910b9fb966db5d51080aa1315227b6c,results.LoCoMo.code.E_T,fusion arm level
fusion.LoCoMo.code.FR3,23.69878167435171,,artifact:bbeda58c-84b3-47df-8cc6-4103e0afc47a,59688c362b84cac0db105721d712ba58a910b9fb966db5d51080aa1315227b6c,results.LoCoMo.code.FR3,fusion arm level
fusion.LoCoMo.code.Hit10,43.4527687296417,,artifact:bbeda58c-84b3-47df-8cc6-4103e0afc47a,59688c362b84cac0db105721d712ba58a910b9fb966db5d51080aa1315227b6c,results.LoCoMo.code.Hit10,fusion arm level
fusion.LoCoMo.code.dE_T,12.033224755700326,,artifact:bbeda58c-84b3-47df-8cc6-4103e0afc47a,59688c362b84cac0db105721d712ba58a910b9fb966db5d51080aa1315227b6c,results.LoCoMo.code.dE_T[0],97.5% Bonferroni interval
fusion.LoCoMo.code.dE_T.lo,5.252162341982701,,artifact:bbeda58c-84b3-47df-8cc6-4103e0afc47a,59688c362b84cac0db105721d712ba58a910b9fb966db5d51080aa1315227b6c,results.LoCoMo.code.dE_T[1],97.5% Bonferroni interval
fusion.LoCoMo.code.dE_T.hi,19.341503747636928,,artifact:bbeda58c-84b3-47df-8cc6-4103e0afc47a,59688c362b84cac0db105721d712ba58a910b9fb966db5d51080aa1315227b6c,results.LoCoMo.code.dE_T[2],97.5% Bonferroni interval
fusion.LoCoMo.code.dFR3,-13.960315110152242,,artifact:bbeda58c-84b3-47df-8cc6-4103e0afc47a,59688c362b84cac0db105721d712ba58a910b9fb966db5d51080aa1315227b6c,results.LoCoMo.code.dFR3[0],97.5% Bonferroni interval
fusion.LoCoMo.code.dFR3.lo,-17.4407632809662,,artifact:bbeda58c-84b3-47df-8cc6-4103e0afc47a,59688c362b84cac0db105721d712ba58a910b9fb966db5d51080aa1315227b6c,results.LoCoMo.code.dFR3[1],97.5% Bonferroni interval
fusion.LoCoMo.code.dFR3.hi,-10.428084282303468,,artifact:bbeda58c-84b3-47df-8cc6-4103e0afc47a,59688c362b84cac0db105721d712ba58a910b9fb966db5d51080aa1315227b6c,results.LoCoMo.code.dFR3[2],97.5% Bonferroni interval
fusion.LoCoMo.code.dHit10,-14.201954397394136,,artifact:bbeda58c-84b3-47df-8cc6-4103e0afc47a,59688c362b84cac0db105721d712ba58a910b9fb966db5d51080aa1315227b6c,results.LoCoMo.code.dHit10[0],97.5% Bonferroni interval
fusion.LoCoMo.code.dHit10.lo,-17.33425361904693,,artifact:bbeda58c-84b3-47df-8cc6-4103e0afc47a,59688c362b84cac0db105721d712ba58a910b9fb966db5d51080aa1315227b6c,results.LoCoMo.code.dHit10[1],97.5% Bonferroni interval
fusion.LoCoMo.code.dHit10.hi,-10.727641294201389,,artifact:bbeda58c-84b3-47df-8cc6-4103e0afc47a,59688c362b84cac0db105721d712ba58a910b9fb966db5d51080aa1315227b6c,results.LoCoMo.code.dHit10[2],97.5% Bonferroni interval
fusion.LoCoMo.W.E_T,56.22214983713355,,artifact:bbeda58c-84b3-47df-8cc6-4103e0afc47a,59688c362b84cac0db105721d712ba58a910b9fb966db5d51080aa1315227b6c,results.LoCoMo.W.E_T,fusion arm level
fusion.LoCoMo.W.FR3,33.75688052340668,,artifact:bbeda58c-84b3-47df-8cc6-4103e0afc47a,59688c362b84cac0db105721d712ba58a910b9fb966db5d51080aa1315227b6c,results.LoCoMo.W.FR3,fusion arm level
fusion.LoCoMo.W.Hit10,55.83061889250814,,artifact:bbeda58c-84b3-47df-8cc6-4103e0afc47a,59688c362b84cac0db105721d712ba58a910b9fb966db5d51080aa1315227b6c,results.LoCoMo.W.Hit10,fusion arm level
fusion.LoCoMo.W.dE_T,-6.945276872964169,,artifact:bbeda58c-84b3-47df-8cc6-4103e0afc47a,59688c362b84cac0db105721d712ba58a910b9fb966db5d51080aa1315227b6c,results.LoCoMo.W.dE_T[0],97.5% Bonferroni interval
fusion.LoCoMo.W.dE_T.lo,-10.604344939680638,,artifact:bbeda58c-84b3-47df-8cc6-4103e0afc47a,59688c362b84cac0db105721d712ba58a910b9fb966db5d51080aa1315227b6c,results.LoCoMo.W.dE_T[1],97.5% Bonferroni interval
fusion.LoCoMo.W.dE_T.hi,-2.9398204749934695,,artifact:bbeda58c-84b3-47df-8cc6-4103e0afc47a,59688c362b84cac0db105721d712ba58a910b9fb966db5d51080aa1315227b6c,results.LoCoMo.W.dE_T[2],97.5% Bonferroni interval
fusion.LoCoMo.W.dFR3,-3.902216261097273,,artifact:bbeda58c-84b3-47df-8cc6-4103e0afc47a,59688c362b84cac0db105721d712ba58a910b9fb966db5d51080aa1315227b6c,results.LoCoMo.W.dFR3[0],97.5% Bonferroni interval
fusion.LoCoMo.W.dFR3.lo,-6.866887701752125,,artifact:bbeda58c-84b3-47df-8cc6-4103e0afc47a,59688c362b84cac0db105721d712ba58a910b9fb966db5d51080aa1315227b6c,results.LoCoMo.W.dFR3[1],97.5% Bonferroni interval
fusion.LoCoMo.W.dFR3.hi,-0.8296565186433116,,artifact:bbeda58c-84b3-47df-8cc6-4103e0afc47a,59688c362b84cac0db105721d712ba58a910b9fb966db5d51080aa1315227b6c,results.LoCoMo.W.dFR3[2],97.5% Bonferroni interval
fusion.LoCoMo.W.dHit10,-1.8241042345276872,,artifact:bbeda58c-84b3-47df-8cc6-4103e0afc47a,59688c362b84cac0db105721d712ba58a910b9fb966db5d51080aa1315227b6c,results.LoCoMo.W.dHit10[0],97.5% Bonferroni interval
fusion.LoCoMo.W.dHit10.lo,-4.135360564531897,,artifact:bbeda58c-84b3-47df-8cc6-4103e0afc47a,59688c362b84cac0db105721d712ba58a910b9fb966db5d51080aa1315227b6c,results.LoCoMo.W.dHit10[1],97.5% Bonferroni interval
fusion.LoCoMo.W.dHit10.hi,0.0,,artifact:bbeda58c-84b3-47df-8cc6-4103e0afc47a,59688c362b84cac0db105721d712ba58a910b9fb966db5d51080aa1315227b6c,results.LoCoMo.W.dHit10[2],97.5% Bonferroni interval
fusion.LoCoMo.G.E_T,62.86319218241042,,artifact:bbeda58c-84b3-47df-8cc6-4103e0afc47a,59688c362b84cac0db105721d712ba58a910b9fb966db5d51080aa1315227b6c,results.LoCoMo.G.E_T,fusion arm level
fusion.LoCoMo.G.FR3,37.25953109503599,,artifact:bbeda58c-84b3-47df-8cc6-4103e0afc47a,59688c362b84cac0db105721d712ba58a910b9fb966db5d51080aa1315227b6c,results.LoCoMo.G.FR3,fusion arm level
fusion.LoCoMo.G.Hit10,57.068403908794785,,artifact:bbeda58c-84b3-47df-8cc6-4103e0afc47a,59688c362b84cac0db105721d712ba58a910b9fb966db5d51080aa1315227b6c,results.LoCoMo.G.Hit10,fusion arm level
fusion.LoCoMo.G.dE_T,-0.3042345276872964,,artifact:bbeda58c-84b3-47df-8cc6-4103e0afc47a,59688c362b84cac0db105721d712ba58a910b9fb966db5d51080aa1315227b6c,results.LoCoMo.G.dE_T[0],97.5% Bonferroni interval
fusion.LoCoMo.G.dE_T.lo,-1.5205410217082937,,artifact:bbeda58c-84b3-47df-8cc6-4103e0afc47a,59688c362b84cac0db105721d712ba58a910b9fb966db5d51080aa1315227b6c,results.LoCoMo.G.dE_T[1],97.5% Bonferroni interval
fusion.LoCoMo.G.dE_T.hi,0.7734043305657404,,artifact:bbeda58c-84b3-47df-8cc6-4103e0afc47a,59688c362b84cac0db105721d712ba58a910b9fb966db5d51080aa1315227b6c,results.LoCoMo.G.dE_T[2],97.5% Bonferroni interval
fusion.LoCoMo.G.dFR3,-0.39956568946796955,,artifact:bbeda58c-84b3-47df-8cc6-4103e0afc47a,59688c362b84cac0db105721d712ba58a910b9fb966db5d51080aa1315227b6c,results.LoCoMo.G.dFR3[0],97.5% Bonferroni interval
fusion.LoCoMo.G.dFR3.lo,-0.8900599939539731,,artifact:bbeda58c-84b3-47df-8cc6-4103e0afc47a,59688c362b84cac0db105721d712ba58a910b9fb966db5d51080aa1315227b6c,results.LoCoMo.G.dFR3[1],97.5% Bonferroni interval
fusion.LoCoMo.G.dFR3.hi,0.027959453960341954,,artifact:bbeda58c-84b3-47df-8cc6-4103e0afc47a,59688c362b84cac0db105721d712ba58a910b9fb966db5d51080aa1315227b6c,results.LoCoMo.G.dFR3[2],97.5% Bonferroni interval
fusion.LoCoMo.G.dHit10,-0.5863192182410424,,artifact:bbeda58c-84b3-47df-8cc6-4103e0afc47a,59688c362b84cac0db105721d712ba58a910b9fb966db5d51080aa1315227b6c,results.LoCoMo.G.dHit10[0],97.5% Bonferroni interval
fusion.LoCoMo.G.dHit10.lo,-1.2702938272689857,,artifact:bbeda58c-84b3-47df-8cc6-4103e0afc47a,59688c362b84cac0db105721d712ba58a910b9fb966db5d51080aa1315227b6c,results.LoCoMo.G.dHit10[1],97.5% Bonferroni interval
fusion.LoCoMo.G.dHit10.hi,-0.0649772579597141,,artifact:bbeda58c-84b3-47df-8cc6-4103e0afc47a,59688c362b84cac0db105721d712ba58a910b9fb966db5d51080aa1315227b6c,results.LoCoMo.G.dHit10[2],97.5% Bonferroni interval
fusion.LoCoMo.W.w_loo,"[0.5, 1.0]",list,artifact:bbeda58c-84b3-47df-8cc6-4103e0afc47a,59688c362b84cac0db105721d712ba58a910b9fb966db5d51080aa1315227b6c,results.LoCoMo.W.w_loo,weights chosen by LOO
fusion.LoCoMo.G.fallback,0.1,share,artifact:bbeda58c-84b3-47df-8cc6-4103e0afc47a,59688c362b84cac0db105721d712ba58a910b9fb966db5d51080aa1315227b6c,results.LoCoMo.G.tau_loo_none_share,archives falling back to BM25
fusion.PerLTQA.bm25.E_T,17.251421657592257,,artifact:bbeda58c-84b3-47df-8cc6-4103e0afc47a,59688c362b84cac0db105721d712ba58a910b9fb966db5d51080aa1315227b6c,results.PerLTQA.bm25.E_T,BM25 reference
fusion.PerLTQA.bm25.FR3,56.71024124453016,,artifact:bbeda58c-84b3-47df-8cc6-4103e0afc47a,59688c362b84cac0db105721d712ba58a910b9fb966db5d51080aa1315227b6c,results.PerLTQA.bm25.FR3,BM25 reference
fusion.PerLTQA.bm25.Hit10,80.60496067755597,,artifact:bbeda58c-84b3-47df-8cc6-4103e0afc47a,59688c362b84cac0db105721d712ba58a910b9fb966db5d51080aa1315227b6c,results.PerLTQA.bm25.Hit10,BM25 reference
fusion.PerLTQA.code.E_T,21.314095583787054,,artifact:bbeda58c-84b3-47df-8cc6-4103e0afc47a,59688c362b84cac0db105721d712ba58a910b9fb966db5d51080aa1315227b6c,results.PerLTQA.code.E_T,fusion arm level
fusion.PerLTQA.code.FR3,49.09189765283246,,artifact:bbeda58c-84b3-47df-8cc6-4103e0afc47a,59688c362b84cac0db105721d712ba58a910b9fb966db5d51080aa1315227b6c,results.PerLTQA.code.FR3,fusion arm level
fusion.PerLTQA.code.Hit10,75.68058076225044,,artifact:bbeda58c-84b3-47df-8cc6-4103e0afc47a,59688c362b84cac0db105721d712ba58a910b9fb966db5d51080aa1315227b6c,results.PerLTQA.code.Hit10,fusion arm level
fusion.PerLTQA.code.dE_T,4.0626739261947975,,artifact:bbeda58c-84b3-47df-8cc6-4103e0afc47a,59688c362b84cac0db105721d712ba58a910b9fb966db5d51080aa1315227b6c,results.PerLTQA.code.dE_T[0],97.5% Bonferroni interval
fusion.PerLTQA.code.dE_T.lo,2.4261574885310195,,artifact:bbeda58c-84b3-47df-8cc6-4103e0afc47a,59688c362b84cac0db105721d712ba58a910b9fb966db5d51080aa1315227b6c,results.PerLTQA.code.dE_T[1],97.5% Bonferroni interval
fusion.PerLTQA.code.dE_T.hi,5.7142162013397435,,artifact:bbeda58c-84b3-47df-8cc6-4103e0afc47a,59688c362b84cac0db105721d712ba58a910b9fb966db5d51080aa1315227b6c,results.PerLTQA.code.dE_T[2],97.5% Bonferroni interval
fusion.PerLTQA.code.dFR3,-7.618343591697696,,artifact:bbeda58c-84b3-47df-8cc6-4103e0afc47a,59688c362b84cac0db105721d712ba58a910b9fb966db5d51080aa1315227b6c,results.PerLTQA.code.dFR3[0],97.5% Bonferroni interval
fusion.PerLTQA.code.dFR3.lo,-9.241242055861903,,artifact:bbeda58c-84b3-47df-8cc6-4103e0afc47a,59688c362b84cac0db105721d712ba58a910b9fb966db5d51080aa1315227b6c,results.PerLTQA.code.dFR3[1],97.5% Bonferroni interval
fusion.PerLTQA.code.dFR3.hi,-6.0364172105854434,,artifact:bbeda58c-84b3-47df-8cc6-4103e0afc47a,59688c362b84cac0db105721d712ba58a910b9fb966db5d51080aa1315227b6c,results.PerLTQA.code.dFR3[2],97.5% Bonferroni interval
fusion.PerLTQA.code.dHit10,-4.924379915305505,,artifact:bbeda58c-84b3-47df-8cc6-4103e0afc47a,59688c362b84cac0db105721d712ba58a910b9fb966db5d51080aa1315227b6c,results.PerLTQA.code.dHit10[0],97.5% Bonferroni interval
fusion.PerLTQA.code.dHit10.lo,-6.517221593825477,,artifact:bbeda58c-84b3-47df-8cc6-4103e0afc47a,59688c362b84cac0db105721d712ba58a910b9fb966db5d51080aa1315227b6c,results.PerLTQA.code.dHit10[1],97.5% Bonferroni interval
fusion.PerLTQA.code.dHit10.hi,-3.3991034578643133,,artifact:bbeda58c-84b3-47df-8cc6-4103e0afc47a,59688c362b84cac0db105721d712ba58a910b9fb966db5d51080aa1315227b6c,results.PerLTQA.code.dHit10[2],97.5% Bonferroni interval
fusion.PerLTQA.W.E_T,15.621173623714459,,artifact:bbeda58c-84b3-47df-8cc6-4103e0afc47a,59688c362b84cac0db105721d712ba58a910b9fb966db5d51080aa1315227b6c,results.PerLTQA.W.E_T,fusion arm level
fusion.PerLTQA.W.FR3,56.93603203085259,,artifact:bbeda58c-84b3-47df-8cc6-4103e0afc47a,59688c362b84cac0db105721d712ba58a910b9fb966db5d51080aa1315227b6c,results.PerLTQA.W.FR3,fusion arm level
fusion.PerLTQA.W.Hit10,82.73442226255293,,artifact:bbeda58c-84b3-47df-8cc6-4103e0afc47a,59688c362b84cac0db105721d712ba58a910b9fb966db5d51080aa1315227b6c,results.PerLTQA.W.Hit10,fusion arm level
fusion.PerLTQA.W.dE_T,-1.630248033877798,,artifact:bbeda58c-84b3-47df-8cc6-4103e0afc47a,59688c362b84cac0db105721d712ba58a910b9fb966db5d51080aa1315227b6c,results.PerLTQA.W.dE_T[0],97.5% Bonferroni interval
fusion.PerLTQA.W.dE_T.lo,-2.0609895734565344,,artifact:bbeda58c-84b3-47df-8cc6-4103e0afc47a,59688c362b84cac0db105721d712ba58a910b9fb966db5d51080aa1315227b6c,results.PerLTQA.W.dE_T[1],97.5% Bonferroni interval
fusion.PerLTQA.W.dE_T.hi,-1.2047677774984582,,artifact:bbeda58c-84b3-47df-8cc6-4103e0afc47a,59688c362b84cac0db105721d712ba58a910b9fb966db5d51080aa1315227b6c,results.PerLTQA.W.dE_T[2],97.5% Bonferroni interval
fusion.PerLTQA.W.dFR3,0.22579078632244004,,artifact:bbeda58c-84b3-47df-8cc6-4103e0afc47a,59688c362b84cac0db105721d712ba58a910b9fb966db5d51080aa1315227b6c,results.PerLTQA.W.dFR3[0],97.5% Bonferroni interval
fusion.PerLTQA.W.dFR3.lo,-0.7143184282829437,,artifact:bbeda58c-84b3-47df-8cc6-4103e0afc47a,59688c362b84cac0db105721d712ba58a910b9fb966db5d51080aa1315227b6c,results.PerLTQA.W.dFR3[1],97.5% Bonferroni interval
fusion.PerLTQA.W.dFR3.hi,1.1363553851533374,,artifact:bbeda58c-84b3-47df-8cc6-4103e0afc47a,59688c362b84cac0db105721d712ba58a910b9fb966db5d51080aa1315227b6c,results.PerLTQA.W.dFR3[2],97.5% Bonferroni interval
fusion.PerLTQA.W.dHit10,2.1294615849969754,,artifact:bbeda58c-84b3-47df-8cc6-4103e0afc47a,59688c362b84cac0db105721d712ba58a910b9fb966db5d51080aa1315227b6c,results.PerLTQA.W.dHit10[0],97.5% Bonferroni interval
fusion.PerLTQA.W.dHit10.lo,1.4388458648577287,,artifact:bbeda58c-84b3-47df-8cc6-4103e0afc47a,59688c362b84cac0db105721d712ba58a910b9fb966db5d51080aa1315227b6c,results.PerLTQA.W.dHit10[1],97.5% Bonferroni interval
fusion.PerLTQA.W.dHit10.hi,2.8095149269592614,,artifact:bbeda58c-84b3-47df-8cc6-4103e0afc47a,59688c362b84cac0db105721d712ba58a910b9fb966db5d51080aa1315227b6c,results.PerLTQA.W.dHit10[2],97.5% Bonferroni interval
fusion.PerLTQA.G.E_T,17.1502722323049,,artifact:bbeda58c-84b3-47df-8cc6-4103e0afc47a,59688c362b84cac0db105721d712ba58a910b9fb966db5d51080aa1315227b6c,results.PerLTQA.G.E_T,fusion arm level
fusion.PerLTQA.G.FR3,56.7796403886794,,artifact:bbeda58c-84b3-47df-8cc6-4103e0afc47a,59688c362b84cac0db105721d712ba58a910b9fb966db5d51080aa1315227b6c,results.PerLTQA.G.FR3,fusion arm level
fusion.PerLTQA.G.Hit10,80.50816696914701,,artifact:bbeda58c-84b3-47df-8cc6-4103e0afc47a,59688c362b84cac0db105721d712ba58a910b9fb966db5d51080aa1315227b6c,results.PerLTQA.G.Hit10,fusion arm level
fusion.PerLTQA.G.dE_T,-0.10114942528735632,,artifact:bbeda58c-84b3-47df-8cc6-4103e0afc47a,59688c362b84cac0db105721d712ba58a910b9fb966db5d51080aa1315227b6c,results.PerLTQA.G.dE_T[0],97.5% Bonferroni interval
fusion.PerLTQA.G.dE_T.lo,-0.6427499830778713,,artifact:bbeda58c-84b3-47df-8cc6-4103e0afc47a,59688c362b84cac0db105721d712ba58a910b9fb966db5d51080aa1315227b6c,results.PerLTQA.G.dE_T[1],97.5% Bonferroni interval
fusion.PerLTQA.G.dE_T.hi,0.4525766219968862,,artifact:bbeda58c-84b3-47df-8cc6-4103e0afc47a,59688c362b84cac0db105721d712ba58a910b9fb966db5d51080aa1315227b6c,results.PerLTQA.G.dE_T[2],97.5% Bonferroni interval
fusion.PerLTQA.G.dFR3,0.06939914414924671,,artifact:bbeda58c-84b3-47df-8cc6-4103e0afc47a,59688c362b84cac0db105721d712ba58a910b9fb966db5d51080aa1315227b6c,results.PerLTQA.G.dFR3[0],97.5% Bonferroni interval
fusion.PerLTQA.G.dFR3.lo,-0.17286486405832882,,artifact:bbeda58c-84b3-47df-8cc6-4103e0afc47a,59688c362b84cac0db105721d712ba58a910b9fb966db5d51080aa1315227b6c,results.PerLTQA.G.dFR3[1],97.5% Bonferroni interval
fusion.PerLTQA.G.dFR3.hi,0.3120627824377894,,artifact:bbeda58c-84b3-47df-8cc6-4103e0afc47a,59688c362b84cac0db105721d712ba58a910b9fb966db5d51080aa1315227b6c,results.PerLTQA.G.dFR3[2],97.5% Bonferroni interval
fusion.PerLTQA.G.dHit10,-0.09679370840895342,,artifact:bbeda58c-84b3-47df-8cc6-4103e0afc47a,59688c362b84cac0db105721d712ba58a910b9fb966db5d51080aa1315227b6c,results.PerLTQA.G.dHit10[0],97.5% Bonferroni interval
fusion.PerLTQA.G.dHit10.lo,-0.3221531199052232,,artifact:bbeda58c-84b3-47df-8cc6-4103e0afc47a,59688c362b84cac0db105721d712ba58a910b9fb966db5d51080aa1315227b6c,results.PerLTQA.G.dHit10[1],97.5% Bonferroni interval
fusion.PerLTQA.G.dHit10.hi,0.13391770148526905,,artifact:bbeda58c-84b3-47df-8cc6-4103e0afc47a,59688c362b84cac0db105721d712ba58a910b9fb966db5d51080aa1315227b6c,results.PerLTQA.G.dHit10[2],97.5% Bonferroni interval
fusion.PerLTQA.W.w_loo,"[0.5, 1.0]",list,artifact:bbeda58c-84b3-47df-8cc6-4103e0afc47a,59688c362b84cac0db105721d712ba58a910b9fb966db5d51080aa1315227b6c,results.PerLTQA.W.w_loo,weights chosen by LOO
fusion.PerLTQA.G.fallback,0.0,share,artifact:bbeda58c-84b3-47df-8cc6-4103e0afc47a,59688c362b84cac0db105721d712ba58a910b9fb966db5d51080aa1315227b6c,results.PerLTQA.G.tau_loo_none_share,archives falling back to BM25
fusion.LongMemEval.bm25.E_T,15.163829787234043,,artifact:bbeda58c-84b3-47df-8cc6-4103e0afc47a,59688c362b84cac0db105721d712ba58a910b9fb966db5d51080aa1315227b6c,results.LongMemEval.bm25.E_T,BM25 reference
fusion.LongMemEval.bm25.FR3,56.99999999999999,,artifact:bbeda58c-84b3-47df-8cc6-4103e0afc47a,59688c362b84cac0db105721d712ba58a910b9fb966db5d51080aa1315227b6c,results.LongMemEval.bm25.FR3,BM25 reference
fusion.LongMemEval.bm25.Hit10,83.61702127659575,,artifact:bbeda58c-84b3-47df-8cc6-4103e0afc47a,59688c362b84cac0db105721d712ba58a910b9fb966db5d51080aa1315227b6c,results.LongMemEval.bm25.Hit10,BM25 reference
fusion.LongMemEval.code.E_T,16.585106382978722,,artifact:bbeda58c-84b3-47df-8cc6-4103e0afc47a,59688c362b84cac0db105721d712ba58a910b9fb966db5d51080aa1315227b6c,results.LongMemEval.code.E_T,fusion arm level
fusion.LongMemEval.code.FR3,54.60283687943262,,artifact:bbeda58c-84b3-47df-8cc6-4103e0afc47a,59688c362b84cac0db105721d712ba58a910b9fb966db5d51080aa1315227b6c,results.LongMemEval.code.FR3,fusion arm level
fusion.LongMemEval.code.Hit10,86.38297872340426,,artifact:bbeda58c-84b3-47df-8cc6-4103e0afc47a,59688c362b84cac0db105721d712ba58a910b9fb966db5d51080aa1315227b6c,results.LongMemEval.code.Hit10,fusion arm level
fusion.LongMemEval.code.dE_T,1.421276595744681,,artifact:bbeda58c-84b3-47df-8cc6-4103e0afc47a,59688c362b84cac0db105721d712ba58a910b9fb966db5d51080aa1315227b6c,results.LongMemEval.code.dE_T[0],97.5% Bonferroni interval
fusion.LongMemEval.code.dE_T.lo,-4.580984042553191,,artifact:bbeda58c-84b3-47df-8cc6-4103e0afc47a,59688c362b84cac0db105721d712ba58a910b9fb966db5d51080aa1315227b6c,results.LongMemEval.code.dE_T[1],97.5% Bonferroni interval
fusion.LongMemEval.code.dE_T.hi,7.525531914893617,,artifact:bbeda58c-84b3-47df-8cc6-4103e0afc47a,59688c362b84cac0db105721d712ba58a910b9fb966db5d51080aa1315227b6c,results.LongMemEval.code.dE_T[2],97.5% Bonferroni interval
fusion.LongMemEval.code.dFR3,-2.397163120567376,,artifact:bbeda58c-84b3-47df-8cc6-4103e0afc47a,59688c362b84cac0db105721d712ba58a910b9fb966db5d51080aa1315227b6c,results.LongMemEval.code.dFR3[0],97.5% Bonferroni interval
fusion.LongMemEval.code.dFR3.lo,-6.028368794326242,,artifact:bbeda58c-84b3-47df-8cc6-4103e0afc47a,59688c362b84cac0db105721d712ba58a910b9fb966db5d51080aa1315227b6c,results.LongMemEval.code.dFR3[1],97.5% Bonferroni interval
fusion.LongMemEval.code.dFR3.hi,1.2517730496453896,,artifact:bbeda58c-84b3-47df-8cc6-4103e0afc47a,59688c362b84cac0db105721d712ba58a910b9fb966db5d51080aa1315227b6c,results.LongMemEval.code.dFR3[2],97.5% Bonferroni interval
fusion.LongMemEval.code.dHit10,2.765957446808511,,artifact:bbeda58c-84b3-47df-8cc6-4103e0afc47a,59688c362b84cac0db105721d712ba58a910b9fb966db5d51080aa1315227b6c,results.LongMemEval.code.dHit10[0],97.5% Bonferroni interval
fusion.LongMemEval.code.dHit10.lo,-0.6382978723404256,,artifact:bbeda58c-84b3-47df-8cc6-4103e0afc47a,59688c362b84cac0db105721d712ba58a910b9fb966db5d51080aa1315227b6c,results.LongMemEval.code.dHit10[1],97.5% Bonferroni interval
fusion.LongMemEval.code.dHit10.hi,6.170212765957447,,artifact:bbeda58c-84b3-47df-8cc6-4103e0afc47a,59688c362b84cac0db105721d712ba58a910b9fb966db5d51080aa1315227b6c,results.LongMemEval.code.dHit10[2],97.5% Bonferroni interval
fusion.LongMemEval.W.E_T,10.8,,artifact:bbeda58c-84b3-47df-8cc6-4103e0afc47a,59688c362b84cac0db105721d712ba58a910b9fb966db5d51080aa1315227b6c,results.LongMemEval.W.E_T,fusion arm level
fusion.LongMemEval.W.FR3,59.00354609929077,,artifact:bbeda58c-84b3-47df-8cc6-4103e0afc47a,59688c362b84cac0db105721d712ba58a910b9fb966db5d51080aa1315227b6c,results.LongMemEval.W.FR3,fusion arm level
fusion.LongMemEval.W.Hit10,87.2340425531915,,artifact:bbeda58c-84b3-47df-8cc6-4103e0afc47a,59688c362b84cac0db105721d712ba58a910b9fb966db5d51080aa1315227b6c,results.LongMemEval.W.Hit10,fusion arm level
fusion.LongMemEval.W.dE_T,-4.363829787234042,,artifact:bbeda58c-84b3-47df-8cc6-4103e0afc47a,59688c362b84cac0db105721d712ba58a910b9fb966db5d51080aa1315227b6c,results.LongMemEval.W.dE_T[0],97.5% Bonferroni interval
fusion.LongMemEval.W.dE_T.lo,-8.346835106382978,,artifact:bbeda58c-84b3-47df-8cc6-4103e0afc47a,59688c362b84cac0db105721d712ba58a910b9fb966db5d51080aa1315227b6c,results.LongMemEval.W.dE_T[1],97.5% Bonferroni interval
fusion.LongMemEval.W.dE_T.hi,-0.9893351063829772,,artifact:bbeda58c-84b3-47df-8cc6-4103e0afc47a,59688c362b84cac0db105721d712ba58a910b9fb966db5d51080aa1315227b6c,results.LongMemEval.W.dE_T[2],97.5% Bonferroni interval
fusion.LongMemEval.W.dFR3,2.00354609929078,,artifact:bbeda58c-84b3-47df-8cc6-4103e0afc47a,59688c362b84cac0db105721d712ba58a910b9fb966db5d51080aa1315227b6c,results.LongMemEval.W.dFR3[0],97.5% Bonferroni interval
fusion.LongMemEval.W.dFR3.lo,-0.46099290780141844,,artifact:bbeda58c-84b3-47df-8cc6-4103e0afc47a,59688c362b84cac0db105721d712ba58a910b9fb966db5d51080aa1315227b6c,results.LongMemEval.W.dFR3[1],97.5% Bonferroni interval
fusion.LongMemEval.W.dFR3.hi,4.489406028368797,,artifact:bbeda58c-84b3-47df-8cc6-4103e0afc47a,59688c362b84cac0db105721d712ba58a910b9fb966db5d51080aa1315227b6c,results.LongMemEval.W.dFR3[2],97.5% Bonferroni interval
fusion.LongMemEval.W.dHit10,3.617021276595745,,artifact:bbeda58c-84b3-47df-8cc6-4103e0afc47a,59688c362b84cac0db105721d712ba58a910b9fb966db5d51080aa1315227b6c,results.LongMemEval.W.dHit10[0],97.5% Bonferroni interval
fusion.LongMemEval.W.dHit10.lo,0.851063829787234,,artifact:bbeda58c-84b3-47df-8cc6-4103e0afc47a,59688c362b84cac0db105721d712ba58a910b9fb966db5d51080aa1315227b6c,results.LongMemEval.W.dHit10[1],97.5% Bonferroni interval
fusion.LongMemEval.W.dHit10.hi,6.595744680851064,,artifact:bbeda58c-84b3-47df-8cc6-4103e0afc47a,59688c362b84cac0db105721d712ba58a910b9fb966db5d51080aa1315227b6c,results.LongMemEval.W.dHit10[2],97.5% Bonferroni interval
fusion.LongMemEval.G.E_T,15.985106382978723,,artifact:bbeda58c-84b3-47df-8cc6-4103e0afc47a,59688c362b84cac0db105721d712ba58a910b9fb966db5d51080aa1315227b6c,results.LongMemEval.G.E_T,fusion arm level
fusion.LongMemEval.G.FR3,56.99999999999999,,artifact:bbeda58c-84b3-47df-8cc6-4103e0afc47a,59688c362b84cac0db105721d712ba58a910b9fb966db5d51080aa1315227b6c,results.LongMemEval.G.FR3,fusion arm level
fusion.LongMemEval.G.Hit10,83.61702127659575,,artifact:bbeda58c-84b3-47df-8cc6-4103e0afc47a,59688c362b84cac0db105721d712ba58a910b9fb966db5d51080aa1315227b6c,results.LongMemEval.G.Hit10,fusion arm level
fusion.LongMemEval.G.dE_T,0.8212765957446808,,artifact:bbeda58c-84b3-47df-8cc6-4103e0afc47a,59688c362b84cac0db105721d712ba58a910b9fb966db5d51080aa1315227b6c,results.LongMemEval.G.dE_T[0],97.5% Bonferroni interval
fusion.LongMemEval.G.dE_T.lo,0.0,,artifact:bbeda58c-84b3-47df-8cc6-4103e0afc47a,59688c362b84cac0db105721d712ba58a910b9fb966db5d51080aa1315227b6c,results.LongMemEval.G.dE_T[1],97.5% Bonferroni interval
fusion.LongMemEval.G.dE_T.hi,3.2851063829787233,,artifact:bbeda58c-84b3-47df-8cc6-4103e0afc47a,59688c362b84cac0db105721d712ba58a910b9fb966db5d51080aa1315227b6c,results.LongMemEval.G.dE_T[2],97.5% Bonferroni interval
fusion.LongMemEval.G.dFR3,0.0,,artifact:bbeda58c-84b3-47df-8cc6-4103e0afc47a,59688c362b84cac0db105721d712ba58a910b9fb966db5d51080aa1315227b6c,results.LongMemEval.G.dFR3[0],97.5% Bonferroni interval
fusion.LongMemEval.G.dFR3.lo,0.0,,artifact:bbeda58c-84b3-47df-8cc6-4103e0afc47a,59688c362b84cac0db105721d712ba58a910b9fb966db5d51080aa1315227b6c,results.LongMemEval.G.dFR3[1],97.5% Bonferroni interval
fusion.LongMemEval.G.dFR3.hi,0.0,,artifact:bbeda58c-84b3-47df-8cc6-4103e0afc47a,59688c362b84cac0db105721d712ba58a910b9fb966db5d51080aa1315227b6c,results.LongMemEval.G.dFR3[2],97.5% Bonferroni interval
fusion.LongMemEval.G.dHit10,0.0,,artifact:bbeda58c-84b3-47df-8cc6-4103e0afc47a,59688c362b84cac0db105721d712ba58a910b9fb966db5d51080aa1315227b6c,results.LongMemEval.G.dHit10[0],97.5% Bonferroni interval
fusion.LongMemEval.G.dHit10.lo,0.0,,artifact:bbeda58c-84b3-47df-8cc6-4103e0afc47a,59688c362b84cac0db105721d712ba58a910b9fb966db5d51080aa1315227b6c,results.LongMemEval.G.dHit10[1],97.5% Bonferroni interval
fusion.LongMemEval.G.dHit10.hi,0.0,,artifact:bbeda58c-84b3-47df-8cc6-4103e0afc47a,59688c362b84cac0db105721d712ba58a910b9fb966db5d51080aa1315227b6c,results.LongMemEval.G.dHit10[2],97.5% Bonferroni interval
fusion.LongMemEval.W.w_loo,[1.0],list,artifact:bbeda58c-84b3-47df-8cc6-4103e0afc47a,59688c362b84cac0db105721d712ba58a910b9fb966db5d51080aa1315227b6c,results.LongMemEval.W.w_loo,weights chosen by LOO
fusion.LongMemEval.G.fallback,0.997872340425532,share,artifact:bbeda58c-84b3-47df-8cc6-4103e0afc47a,59688c362b84cac0db105721d712ba58a910b9fb966db5d51080aa1315227b6c,results.LongMemEval.G.tau_loo_none_share,archives falling back to BM25
fusion.RealTalk.bm25.E_T,82.42695035460993,,artifact:bbeda58c-84b3-47df-8cc6-4103e0afc47a,59688c362b84cac0db105721d712ba58a910b9fb966db5d51080aa1315227b6c,results.RealTalk.bm25.E_T,BM25 reference
fusion.RealTalk.bm25.FR3,33.55784259703633,,artifact:bbeda58c-84b3-47df-8cc6-4103e0afc47a,59688c362b84cac0db105721d712ba58a910b9fb966db5d51080aa1315227b6c,results.RealTalk.bm25.FR3,BM25 reference
fusion.RealTalk.bm25.Hit10,55.60283687943263,,artifact:bbeda58c-84b3-47df-8cc6-4103e0afc47a,59688c362b84cac0db105721d712ba58a910b9fb966db5d51080aa1315227b6c,results.RealTalk.bm25.Hit10,BM25 reference
fusion.RealTalk.code.E_T,104.54042553191489,,artifact:bbeda58c-84b3-47df-8cc6-4103e0afc47a,59688c362b84cac0db105721d712ba58a910b9fb966db5d51080aa1315227b6c,results.RealTalk.code.E_T,fusion arm level
fusion.RealTalk.code.FR3,22.867556005853874,,artifact:bbeda58c-84b3-47df-8cc6-4103e0afc47a,59688c362b84cac0db105721d712ba58a910b9fb966db5d51080aa1315227b6c,results.RealTalk.code.FR3,fusion arm level
fusion.RealTalk.code.Hit10,46.52482269503546,,artifact:bbeda58c-84b3-47df-8cc6-4103e0afc47a,59688c362b84cac0db105721d712ba58a910b9fb966db5d51080aa1315227b6c,results.RealTalk.code.Hit10,fusion arm level
fusion.RealTalk.code.dE_T,22.113475177304963,,artifact:bbeda58c-84b3-47df-8cc6-4103e0afc47a,59688c362b84cac0db105721d712ba58a910b9fb966db5d51080aa1315227b6c,results.RealTalk.code.dE_T[0],97.5% Bonferroni interval
fusion.RealTalk.code.dE_T.lo,-0.3544877412290882,,artifact:bbeda58c-84b3-47df-8cc6-4103e0afc47a,59688c362b84cac0db105721d712ba58a910b9fb966db5d51080aa1315227b6c,results.RealTalk.code.dE_T[1],97.5% Bonferroni interval
fusion.RealTalk.code.dE_T.hi,48.65405436512735,,artifact:bbeda58c-84b3-47df-8cc6-4103e0afc47a,59688c362b84cac0db105721d712ba58a910b9fb966db5d51080aa1315227b6c,results.RealTalk.code.dE_T[2],97.5% Bonferroni interval
fusion.RealTalk.code.dFR3,-10.690286591182447,,artifact:bbeda58c-84b3-47df-8cc6-4103e0afc47a,59688c362b84cac0db105721d712ba58a910b9fb966db5d51080aa1315227b6c,results.RealTalk.code.dFR3[0],97.5% Bonferroni interval
fusion.RealTalk.code.dFR3.lo,-15.830114855484036,,artifact:bbeda58c-84b3-47df-8cc6-4103e0afc47a,59688c362b84cac0db105721d712ba58a910b9fb966db5d51080aa1315227b6c,results.RealTalk.code.dFR3[1],97.5% Bonferroni interval
fusion.RealTalk.code.dFR3.hi,-6.107766709990776,,artifact:bbeda58c-84b3-47df-8cc6-4103e0afc47a,59688c362b84cac0db105721d712ba58a910b9fb966db5d51080aa1315227b6c,results.RealTalk.code.dFR3[2],97.5% Bonferroni interval
fusion.RealTalk.code.dHit10,-9.078014184397164,,artifact:bbeda58c-84b3-47df-8cc6-4103e0afc47a,59688c362b84cac0db105721d712ba58a910b9fb966db5d51080aa1315227b6c,results.RealTalk.code.dHit10[0],97.5% Bonferroni interval
fusion.RealTalk.code.dHit10.lo,-13.956915708617872,,artifact:bbeda58c-84b3-47df-8cc6-4103e0afc47a,59688c362b84cac0db105721d712ba58a910b9fb966db5d51080aa1315227b6c,results.RealTalk.code.dHit10[1],97.5% Bonferroni interval
fusion.RealTalk.code.dHit10.hi,-4.4444070584716595,,artifact:bbeda58c-84b3-47df-8cc6-4103e0afc47a,59688c362b84cac0db105721d712ba58a910b9fb966db5d51080aa1315227b6c,results.RealTalk.code.dHit10[2],97.5% Bonferroni interval
fusion.RealTalk.W.E_T,74.94326241134752,,artifact:bbeda58c-84b3-47df-8cc6-4103e0afc47a,59688c362b84cac0db105721d712ba58a910b9fb966db5d51080aa1315227b6c,results.RealTalk.W.E_T,fusion arm level
fusion.RealTalk.W.FR3,31.58322816497509,,artifact:bbeda58c-84b3-47df-8cc6-4103e0afc47a,59688c362b84cac0db105721d712ba58a910b9fb966db5d51080aa1315227b6c,results.RealTalk.W.FR3,fusion arm level
fusion.RealTalk.W.Hit10,56.87943262411348,,artifact:bbeda58c-84b3-47df-8cc6-4103e0afc47a,59688c362b84cac0db105721d712ba58a910b9fb966db5d51080aa1315227b6c,results.RealTalk.W.Hit10,fusion arm level
fusion.RealTalk.W.dE_T,-7.483687943262411,,artifact:bbeda58c-84b3-47df-8cc6-4103e0afc47a,59688c362b84cac0db105721d712ba58a910b9fb966db5d51080aa1315227b6c,results.RealTalk.W.dE_T[0],97.5% Bonferroni interval
fusion.RealTalk.W.dE_T.lo,-17.31853494206497,,artifact:bbeda58c-84b3-47df-8cc6-4103e0afc47a,59688c362b84cac0db105721d712ba58a910b9fb966db5d51080aa1315227b6c,results.RealTalk.W.dE_T[1],97.5% Bonferroni interval
fusion.RealTalk.W.dE_T.hi,0.5406805140638308,,artifact:bbeda58c-84b3-47df-8cc6-4103e0afc47a,59688c362b84cac0db105721d712ba58a910b9fb966db5d51080aa1315227b6c,results.RealTalk.W.dE_T[2],97.5% Bonferroni interval
fusion.RealTalk.W.dFR3,-1.9746144320612404,,artifact:bbeda58c-84b3-47df-8cc6-4103e0afc47a,59688c362b84cac0db105721d712ba58a910b9fb966db5d51080aa1315227b6c,results.RealTalk.W.dFR3[0],97.5% Bonferroni interval
fusion.RealTalk.W.dFR3.lo,-5.168605246058203,,artifact:bbeda58c-84b3-47df-8cc6-4103e0afc47a,59688c362b84cac0db105721d712ba58a910b9fb966db5d51080aa1315227b6c,results.RealTalk.W.dFR3[1],97.5% Bonferroni interval
fusion.RealTalk.W.dFR3.hi,0.8111044973544999,,artifact:bbeda58c-84b3-47df-8cc6-4103e0afc47a,59688c362b84cac0db105721d712ba58a910b9fb966db5d51080aa1315227b6c,results.RealTalk.W.dFR3[2],97.5% Bonferroni interval
fusion.RealTalk.W.dHit10,1.2765957446808511,,artifact:bbeda58c-84b3-47df-8cc6-4103e0afc47a,59688c362b84cac0db105721d712ba58a910b9fb966db5d51080aa1315227b6c,results.RealTalk.W.dHit10[0],97.5% Bonferroni interval
fusion.RealTalk.W.dHit10.lo,-1.5278309733828535,,artifact:bbeda58c-84b3-47df-8cc6-4103e0afc47a,59688c362b84cac0db105721d712ba58a910b9fb966db5d51080aa1315227b6c,results.RealTalk.W.dHit10[1],97.5% Bonferroni interval
fusion.RealTalk.W.dHit10.hi,3.7089898068465144,,artifact:bbeda58c-84b3-47df-8cc6-4103e0afc47a,59688c362b84cac0db105721d712ba58a910b9fb966db5d51080aa1315227b6c,results.RealTalk.W.dHit10[2],97.5% Bonferroni interval
fusion.RealTalk.G.E_T,79.75744680851064,,artifact:bbeda58c-84b3-47df-8cc6-4103e0afc47a,59688c362b84cac0db105721d712ba58a910b9fb966db5d51080aa1315227b6c,results.RealTalk.G.E_T,fusion arm level
fusion.RealTalk.G.FR3,33.29779531571245,,artifact:bbeda58c-84b3-47df-8cc6-4103e0afc47a,59688c362b84cac0db105721d712ba58a910b9fb966db5d51080aa1315227b6c,results.RealTalk.G.FR3,fusion arm level
fusion.RealTalk.G.Hit10,55.319148936170215,,artifact:bbeda58c-84b3-47df-8cc6-4103e0afc47a,59688c362b84cac0db105721d712ba58a910b9fb966db5d51080aa1315227b6c,results.RealTalk.G.Hit10,fusion arm level
fusion.RealTalk.G.dE_T,-2.669503546099291,,artifact:bbeda58c-84b3-47df-8cc6-4103e0afc47a,59688c362b84cac0db105721d712ba58a910b9fb966db5d51080aa1315227b6c,results.RealTalk.G.dE_T[0],97.5% Bonferroni interval
fusion.RealTalk.G.dE_T.lo,-7.82905392413729,,artifact:bbeda58c-84b3-47df-8cc6-4103e0afc47a,59688c362b84cac0db105721d712ba58a910b9fb966db5d51080aa1315227b6c,results.RealTalk.G.dE_T[1],97.5% Bonferroni interval
fusion.RealTalk.G.dE_T.hi,1.1485775734502834,,artifact:bbeda58c-84b3-47df-8cc6-4103e0afc47a,59688c362b84cac0db105721d712ba58a910b9fb966db5d51080aa1315227b6c,results.RealTalk.G.dE_T[2],97.5% Bonferroni interval
fusion.RealTalk.G.dFR3,-0.26004728132387706,,artifact:bbeda58c-84b3-47df-8cc6-4103e0afc47a,59688c362b84cac0db105721d712ba58a910b9fb966db5d51080aa1315227b6c,results.RealTalk.G.dFR3[0],97.5% Bonferroni interval
fusion.RealTalk.G.dFR3.lo,-0.8405379442843419,,artifact:bbeda58c-84b3-47df-8cc6-4103e0afc47a,59688c362b84cac0db105721d712ba58a910b9fb966db5d51080aa1315227b6c,results.RealTalk.G.dFR3[1],97.5% Bonferroni interval
fusion.RealTalk.G.dFR3.hi,0.15015864280570212,,artifact:bbeda58c-84b3-47df-8cc6-4103e0afc47a,59688c362b84cac0db105721d712ba58a910b9fb966db5d51080aa1315227b6c,results.RealTalk.G.dFR3[2],97.5% Bonferroni interval
fusion.RealTalk.G.dHit10,-0.28368794326241137,,artifact:bbeda58c-84b3-47df-8cc6-4103e0afc47a,59688c362b84cac0db105721d712ba58a910b9fb966db5d51080aa1315227b6c,results.RealTalk.G.dHit10[0],97.5% Bonferroni interval
fusion.RealTalk.G.dHit10.lo,-1.1235955056179776,,artifact:bbeda58c-84b3-47df-8cc6-4103e0afc47a,59688c362b84cac0db105721d712ba58a910b9fb966db5d51080aa1315227b6c,results.RealTalk.G.dHit10[1],97.5% Bonferroni interval
fusion.RealTalk.G.dHit10.hi,0.4160887656033287,,artifact:bbeda58c-84b3-47df-8cc6-4103e0afc47a,59688c362b84cac0db105721d712ba58a910b9fb966db5d51080aa1315227b6c,results.RealTalk.G.dHit10[2],97.5% Bonferroni interval
fusion.RealTalk.W.w_loo,[0.5],list,artifact:bbeda58c-84b3-47df-8cc6-4103e0afc47a,59688c362b84cac0db105721d712ba58a910b9fb966db5d51080aa1315227b6c,results.RealTalk.W.w_loo,weights chosen by LOO
fusion.RealTalk.G.fallback,0.0,share,artifact:bbeda58c-84b3-47df-8cc6-4103e0afc47a,59688c362b84cac0db105721d712ba58a910b9fb966db5d51080aa1315227b6c,results.RealTalk.G.tau_loo_none_share,archives falling back to BM25
fusion.gate.W,False,bool,artifact:bbeda58c-84b3-47df-8cc6-4103e0afc47a,59688c362b84cac0db105721d712ba58a910b9fb966db5d51080aa1315227b6c,gate.W.adopt,gate outcome
fusion.gate.G,False,bool,artifact:bbeda58c-84b3-47df-8cc6-4103e0afc47a,59688c362b84cac0db105721d712ba58a910b9fb966db5d51080aa1315227b6c,gate.G.adopt,gate outcome
cbm25.LoCoMo.stock_bm25_bytes,11450907,,artifact:bbeda58c-84b3-47df-8cc6-4103e0afc47a,59688c362b84cac0db105721d712ba58a910b9fb966db5d51080aa1315227b6c,bm25_storage.LoCoMo.stock_bm25_bytes,CompactBM25 storage
cbm25.LoCoMo.compact_bm25_bytes,2579281,,artifact:bbeda58c-84b3-47df-8cc6-4103e0afc47a,59688c362b84cac0db105721d712ba58a910b9fb966db5d51080aa1315227b6c,bm25_storage.LoCoMo.compact_bm25_bytes,CompactBM25 storage
cbm25.LoCoMo.packed_code_bytes,70584,,artifact:bbeda58c-84b3-47df-8cc6-4103e0afc47a,59688c362b84cac0db105721d712ba58a910b9fb966db5d51080aa1315227b6c,bm25_storage.LoCoMo.packed_code_bytes,CompactBM25 storage
cbm25.LoCoMo.score_bit_mismatches,0,,artifact:bbeda58c-84b3-47df-8cc6-4103e0afc47a,59688c362b84cac0db105721d712ba58a910b9fb966db5d51080aa1315227b6c,bm25_storage.LoCoMo.score_bit_mismatches,CompactBM25 storage
cbm25.LoCoMo.queries_compared,1535,,artifact:bbeda58c-84b3-47df-8cc6-4103e0afc47a,59688c362b84cac0db105721d712ba58a910b9fb966db5d51080aa1315227b6c,bm25_storage.LoCoMo.queries_compared,CompactBM25 storage
cbm25.LoCoMo.n_archives,10,,artifact:bbeda58c-84b3-47df-8cc6-4103e0afc47a,59688c362b84cac0db105721d712ba58a910b9fb966db5d51080aa1315227b6c,bm25_storage.LoCoMo.n_archives,CompactBM25 storage
cbm25.LoCoMo.saving_pct,77.4753,%,artifact:bbeda58c-84b3-47df-8cc6-4103e0afc47a,59688c362b84cac0db105721d712ba58a910b9fb966db5d51080aa1315227b6c,derived,saving
cbm25.LoCoMo.latency,0.22181106837651038,ratio,artifact:bbeda58c-84b3-47df-8cc6-4103e0afc47a,59688c362b84cac0db105721d712ba58a910b9fb966db5d51080aa1315227b6c,derived,compact/stock scoring time
cbm25.PerLTQA.stock_bm25_bytes,32203324,,artifact:bbeda58c-84b3-47df-8cc6-4103e0afc47a,59688c362b84cac0db105721d712ba58a910b9fb966db5d51080aa1315227b6c,bm25_storage.PerLTQA.stock_bm25_bytes,CompactBM25 storage
cbm25.PerLTQA.compact_bm25_bytes,7803483,,artifact:bbeda58c-84b3-47df-8cc6-4103e0afc47a,59688c362b84cac0db105721d712ba58a910b9fb966db5d51080aa1315227b6c,bm25_storage.PerLTQA.compact_bm25_bytes,CompactBM25 storage
cbm25.PerLTQA.packed_code_bytes,147456,,artifact:bbeda58c-84b3-47df-8cc6-4103e0afc47a,59688c362b84cac0db105721d712ba58a910b9fb966db5d51080aa1315227b6c,bm25_storage.PerLTQA.packed_code_bytes,CompactBM25 storage
cbm25.PerLTQA.score_bit_mismatches,0,,artifact:bbeda58c-84b3-47df-8cc6-4103e0afc47a,59688c362b84cac0db105721d712ba58a910b9fb966db5d51080aa1315227b6c,bm25_storage.PerLTQA.score_bit_mismatches,CompactBM25 storage
cbm25.PerLTQA.queries_compared,8265,,artifact:bbeda58c-84b3-47df-8cc6-4103e0afc47a,59688c362b84cac0db105721d712ba58a910b9fb966db5d51080aa1315227b6c,bm25_storage.PerLTQA.queries_compared,CompactBM25 storage
cbm25.PerLTQA.n_archives,30,,artifact:bbeda58c-84b3-47df-8cc6-4103e0afc47a,59688c362b84cac0db105721d712ba58a910b9fb966db5d51080aa1315227b6c,bm25_storage.PerLTQA.n_archives,CompactBM25 storage
cbm25.PerLTQA.saving_pct,75.7681,%,artifact:bbeda58c-84b3-47df-8cc6-4103e0afc47a,59688c362b84cac0db105721d712ba58a910b9fb966db5d51080aa1315227b6c,derived,saving
cbm25.PerLTQA.latency,0.2840909224580223,ratio,artifact:bbeda58c-84b3-47df-8cc6-4103e0afc47a,59688c362b84cac0db105721d712ba58a910b9fb966db5d51080aa1315227b6c,derived,compact/stock scoring time
cbm25.LongMemEval.stock_bm25_bytes,1783079397,,artifact:bbeda58c-84b3-47df-8cc6-4103e0afc47a,59688c362b84cac0db105721d712ba58a910b9fb966db5d51080aa1315227b6c,bm25_storage.LongMemEval.stock_bm25_bytes,CompactBM25 storage
cbm25.LongMemEval.compact_bm25_bytes,433357711,,artifact:bbeda58c-84b3-47df-8cc6-4103e0afc47a,59688c362b84cac0db105721d712ba58a910b9fb966db5d51080aa1315227b6c,bm25_storage.LongMemEval.compact_bm25_bytes,CompactBM25 storage
cbm25.LongMemEval.packed_code_bytes,2779272,,artifact:bbeda58c-84b3-47df-8cc6-4103e0afc47a,59688c362b84cac0db105721d712ba58a910b9fb966db5d51080aa1315227b6c,bm25_storage.LongMemEval.packed_code_bytes,CompactBM25 storage
cbm25.LongMemEval.score_bit_mismatches,0,,artifact:bbeda58c-84b3-47df-8cc6-4103e0afc47a,59688c362b84cac0db105721d712ba58a910b9fb966db5d51080aa1315227b6c,bm25_storage.LongMemEval.score_bit_mismatches,CompactBM25 storage
cbm25.LongMemEval.queries_compared,470,,artifact:bbeda58c-84b3-47df-8cc6-4103e0afc47a,59688c362b84cac0db105721d712ba58a910b9fb966db5d51080aa1315227b6c,bm25_storage.LongMemEval.queries_compared,CompactBM25 storage
cbm25.LongMemEval.n_archives,470,,artifact:bbeda58c-84b3-47df-8cc6-4103e0afc47a,59688c362b84cac0db105721d712ba58a910b9fb966db5d51080aa1315227b6c,bm25_storage.LongMemEval.n_archives,CompactBM25 storage
cbm25.LongMemEval.saving_pct,75.6961,%,artifact:bbeda58c-84b3-47df-8cc6-4103e0afc47a,59688c362b84cac0db105721d712ba58a910b9fb966db5d51080aa1315227b6c,derived,saving
cbm25.LongMemEval.latency,0.21002929438417192,ratio,artifact:bbeda58c-84b3-47df-8cc6-4103e0afc47a,59688c362b84cac0db105721d712ba58a910b9fb966db5d51080aa1315227b6c,derived,compact/stock scoring time
cbm25.RealTalk.stock_bm25_bytes,13696145,,artifact:bbeda58c-84b3-47df-8cc6-4103e0afc47a,59688c362b84cac0db105721d712ba58a910b9fb966db5d51080aa1315227b6c,bm25_storage.RealTalk.stock_bm25_bytes,CompactBM25 storage
cbm25.RealTalk.compact_bm25_bytes,3245072,,artifact:bbeda58c-84b3-47df-8cc6-4103e0afc47a,59688c362b84cac0db105721d712ba58a910b9fb966db5d51080aa1315227b6c,bm25_storage.RealTalk.compact_bm25_bytes,CompactBM25 storage
cbm25.RealTalk.packed_code_bytes,107328,,artifact:bbeda58c-84b3-47df-8cc6-4103e0afc47a,59688c362b84cac0db105721d712ba58a910b9fb966db5d51080aa1315227b6c,bm25_storage.RealTalk.packed_code_bytes,CompactBM25 storage
cbm25.RealTalk.score_bit_mismatches,0,,artifact:bbeda58c-84b3-47df-8cc6-4103e0afc47a,59688c362b84cac0db105721d712ba58a910b9fb966db5d51080aa1315227b6c,bm25_storage.RealTalk.score_bit_mismatches,CompactBM25 storage
cbm25.RealTalk.queries_compared,705,,artifact:bbeda58c-84b3-47df-8cc6-4103e0afc47a,59688c362b84cac0db105721d712ba58a910b9fb966db5d51080aa1315227b6c,bm25_storage.RealTalk.queries_compared,CompactBM25 storage
cbm25.RealTalk.n_archives,10,,artifact:bbeda58c-84b3-47df-8cc6-4103e0afc47a,59688c362b84cac0db105721d712ba58a910b9fb966db5d51080aa1315227b6c,bm25_storage.RealTalk.n_archives,CompactBM25 storage
cbm25.RealTalk.saving_pct,76.3067,%,artifact:bbeda58c-84b3-47df-8cc6-4103e0afc47a,59688c362b84cac0db105721d712ba58a910b9fb966db5d51080aa1315227b6c,derived,saving
cbm25.RealTalk.latency,0.13859594887168875,ratio,artifact:bbeda58c-84b3-47df-8cc6-4103e0afc47a,59688c362b84cac0db105721d712ba58a910b9fb966db5d51080aa1315227b6c,derived,compact/stock scoring time
ratio.LoCoMo.stock,2.169424570472889,x,derived,,vocab stock / cbm25 stock,encoder/BM25 both stock
ratio.LoCoMo.compact,3.5087921789056717,x,derived,,vocab compact / cbm25 compact,encoder/BM25 both compacted
ratio.LoCoMo.fused,4.536157944791591,x,derived,,(cbm25+enc+codes)/cbm25,fusion serving cost
ratio.LoCoMo.codes_pct,2.736576588591937,%,derived,,codes/cbm25,codes as share of compact BM25
ratio.PerLTQA.stock,2.4567117046675055,x,derived,,vocab stock / cbm25 stock,encoder/BM25 both stock
ratio.PerLTQA.compact,3.7606650773763457,x,derived,,vocab compact / cbm25 compact,encoder/BM25 both compacted
ratio.PerLTQA.fused,4.779561254890925,x,derived,,(cbm25+enc+codes)/cbm25,fusion serving cost
ratio.PerLTQA.codes_pct,1.8896177514579067,%,derived,,codes/cbm25,codes as share of compact BM25
ratio.LongMemEval.stock,2.941488856202627,x,derived,,vocab stock / cbm25 stock,encoder/BM25 both stock
ratio.LongMemEval.compact,4.419803853449835,x,derived,,vocab compact / cbm25 compact,encoder/BM25 both compacted
ratio.LongMemEval.fused,5.426217197275163,x,derived,,(cbm25+enc+codes)/cbm25,fusion serving cost
ratio.LongMemEval.codes_pct,0.641334382532771,%,derived,,codes/cbm25,codes as share of compact BM25
posthoc.LoCoMo.E_T,60.18110749185668,docs,artifact:bbeda58c-84b3-47df-8cc6-4103e0afc47a,59688c362b84cac0db105721d712ba58a910b9fb966db5d51080aa1315227b6c,per_query rrf[0.1],w=0.1 level
posthoc.LoCoMo.dE_T,-2.9863192182410425,,artifact:bbeda58c-84b3-47df-8cc6-4103e0afc47a,59688c362b84cac0db105721d712ba58a910b9fb966db5d51080aa1315227b6c,recomputed,post-hoc w=0.1 vs BM25
posthoc.LoCoMo.dE_T.lo,-4.117072509563342,,artifact:bbeda58c-84b3-47df-8cc6-4103e0afc47a,59688c362b84cac0db105721d712ba58a910b9fb966db5d51080aa1315227b6c,recomputed,97.5% lower
posthoc.LoCoMo.dE_T.hi,-1.6461633421335675,,artifact:bbeda58c-84b3-47df-8cc6-4103e0afc47a,59688c362b84cac0db105721d712ba58a910b9fb966db5d51080aa1315227b6c,recomputed,97.5% upper
posthoc.LoCoMo.dFR3,0.45029912073406986,,artifact:bbeda58c-84b3-47df-8cc6-4103e0afc47a,59688c362b84cac0db105721d712ba58a910b9fb966db5d51080aa1315227b6c,recomputed,post-hoc w=0.1 vs BM25
posthoc.LoCoMo.dFR3.lo,-0.4219556343117508,,artifact:bbeda58c-84b3-47df-8cc6-4103e0afc47a,59688c362b84cac0db105721d712ba58a910b9fb966db5d51080aa1315227b6c,recomputed,97.5% lower
posthoc.LoCoMo.dFR3.hi,1.4205861657742114,,artifact:bbeda58c-84b3-47df-8cc6-4103e0afc47a,59688c362b84cac0db105721d712ba58a910b9fb966db5d51080aa1315227b6c,recomputed,97.5% upper
posthoc.PerLTQA.E_T,16.543375680580763,docs,artifact:bbeda58c-84b3-47df-8cc6-4103e0afc47a,59688c362b84cac0db105721d712ba58a910b9fb966db5d51080aa1315227b6c,per_query rrf[0.1],w=0.1 level
posthoc.PerLTQA.dE_T,-0.7080459770114943,,artifact:bbeda58c-84b3-47df-8cc6-4103e0afc47a,59688c362b84cac0db105721d712ba58a910b9fb966db5d51080aa1315227b6c,recomputed,post-hoc w=0.1 vs BM25
posthoc.PerLTQA.dE_T.lo,-0.8169089175163105,,artifact:bbeda58c-84b3-47df-8cc6-4103e0afc47a,59688c362b84cac0db105721d712ba58a910b9fb966db5d51080aa1315227b6c,recomputed,97.5% lower
posthoc.PerLTQA.dE_T.hi,-0.5994492441319761,,artifact:bbeda58c-84b3-47df-8cc6-4103e0afc47a,59688c362b84cac0db105721d712ba58a910b9fb966db5d51080aa1315227b6c,recomputed,97.5% upper
posthoc.PerLTQA.dFR3,1.0392383881494591,,artifact:bbeda58c-84b3-47df-8cc6-4103e0afc47a,59688c362b84cac0db105721d712ba58a910b9fb966db5d51080aa1315227b6c,recomputed,post-hoc w=0.1 vs BM25
posthoc.PerLTQA.dFR3.lo,0.533602451531301,,artifact:bbeda58c-84b3-47df-8cc6-4103e0afc47a,59688c362b84cac0db105721d712ba58a910b9fb966db5d51080aa1315227b6c,recomputed,97.5% lower
posthoc.PerLTQA.dFR3.hi,1.5120199594058992,,artifact:bbeda58c-84b3-47df-8cc6-4103e0afc47a,59688c362b84cac0db105721d712ba58a910b9fb966db5d51080aa1315227b6c,recomputed,97.5% upper
posthoc.LongMemEval.E_T,13.427659574468086,docs,artifact:bbeda58c-84b3-47df-8cc6-4103e0afc47a,59688c362b84cac0db105721d712ba58a910b9fb966db5d51080aa1315227b6c,per_query rrf[0.1],w=0.1 level
posthoc.LongMemEval.dE_T,-1.7361702127659575,,artifact:bbeda58c-84b3-47df-8cc6-4103e0afc47a,59688c362b84cac0db105721d712ba58a910b9fb966db5d51080aa1315227b6c,recomputed,post-hoc w=0.1 vs BM25
posthoc.LongMemEval.dE_T.lo,-3.08938829787234,,artifact:bbeda58c-84b3-47df-8cc6-4103e0afc47a,59688c362b84cac0db105721d712ba58a910b9fb966db5d51080aa1315227b6c,recomputed,97.5% lower
posthoc.LongMemEval.dE_T.hi,-0.7063829787234043,,artifact:bbeda58c-84b3-47df-8cc6-4103e0afc47a,59688c362b84cac0db105721d712ba58a910b9fb966db5d51080aa1315227b6c,recomputed,97.5% upper
posthoc.LongMemEval.dFR3,1.4893617021276595,,artifact:bbeda58c-84b3-47df-8cc6-4103e0afc47a,59688c362b84cac0db105721d712ba58a910b9fb966db5d51080aa1315227b6c,recomputed,post-hoc w=0.1 vs BM25
posthoc.LongMemEval.dFR3.lo,0.1595744680851064,,artifact:bbeda58c-84b3-47df-8cc6-4103e0afc47a,59688c362b84cac0db105721d712ba58a910b9fb966db5d51080aa1315227b6c,recomputed,97.5% lower
posthoc.LongMemEval.dFR3.hi,2.9184397163120566,,artifact:bbeda58c-84b3-47df-8cc6-4103e0afc47a,59688c362b84cac0db105721d712ba58a910b9fb966db5d51080aa1315227b6c,recomputed,97.5% upper
posthoc.RealTalk.E_T,78.37730496453901,docs,artifact:bbeda58c-84b3-47df-8cc6-4103e0afc47a,59688c362b84cac0db105721d712ba58a910b9fb966db5d51080aa1315227b6c,per_query rrf[0.1],w=0.1 level
posthoc.RealTalk.dE_T,-4.049645390070922,,artifact:bbeda58c-84b3-47df-8cc6-4103e0afc47a,59688c362b84cac0db105721d712ba58a910b9fb966db5d51080aa1315227b6c,recomputed,post-hoc w=0.1 vs BM25
posthoc.RealTalk.dE_T.lo,-8.938776871351427,,artifact:bbeda58c-84b3-47df-8cc6-4103e0afc47a,59688c362b84cac0db105721d712ba58a910b9fb966db5d51080aa1315227b6c,recomputed,97.5% lower
posthoc.RealTalk.dE_T.hi,-0.5792352498542316,,artifact:bbeda58c-84b3-47df-8cc6-4103e0afc47a,59688c362b84cac0db105721d712ba58a910b9fb966db5d51080aa1315227b6c,recomputed,97.5% upper
posthoc.RealTalk.dFR3,0.5437915118766183,,artifact:bbeda58c-84b3-47df-8cc6-4103e0afc47a,59688c362b84cac0db105721d712ba58a910b9fb966db5d51080aa1315227b6c,recomputed,post-hoc w=0.1 vs BM25
posthoc.RealTalk.dFR3.lo,-0.653594097901614,,artifact:bbeda58c-84b3-47df-8cc6-4103e0afc47a,59688c362b84cac0db105721d712ba58a910b9fb966db5d51080aa1315227b6c,recomputed,97.5% lower
posthoc.RealTalk.dFR3.hi,1.737854815233574,,artifact:bbeda58c-84b3-47df-8cc6-4103e0afc47a,59688c362b84cac0db105721d712ba58a910b9fb966db5d51080aa1315227b6c,recomputed,97.5% upper
allev.LoCoMo.n,1535,count,artifact:9589b5d6-61ea-4899-8c09-d465348f30ec,53b35902ebbb37f642083616c592f38123aab5ca024bd0efb0f57ff4167f60fd,summary.LoCoMo.n_queries,queries
allev.LoCoMo.multi,413,count,artifact:9589b5d6-61ea-4899-8c09-d465348f30ec,53b35902ebbb37f642083616c592f38123aab5ca024bd0efb0f57ff4167f60fd,summary.LoCoMo.arms.bm25.n_multi_evidence,multi-evidence queries
allev.LoCoMo.bm25.T_first,63.16742671009772,,artifact:9589b5d6-61ea-4899-8c09-d465348f30ec,53b35902ebbb37f642083616c592f38123aab5ca024bd0efb0f57ff4167f60fd,summary.LoCoMo.arms.bm25.T_first,all-evidence metric
allev.LoCoMo.bm25.T_all,117.73811074918567,,artifact:9589b5d6-61ea-4899-8c09-d465348f30ec,53b35902ebbb37f642083616c592f38123aab5ca024bd0efb0f57ff4167f60fd,summary.LoCoMo.arms.bm25.T_all,all-evidence metric
allev.LoCoMo.bm25.any@3,0.41368078175895767,,artifact:9589b5d6-61ea-4899-8c09-d465348f30ec,53b35902ebbb37f642083616c592f38123aab5ca024bd0efb0f57ff4167f60fd,summary.LoCoMo.arms.bm25.any@3,all-evidence metric
allev.LoCoMo.bm25.all@3,0.3478827361563518,,artifact:9589b5d6-61ea-4899-8c09-d465348f30ec,53b35902ebbb37f642083616c592f38123aab5ca024bd0efb0f57ff4167f60fd,summary.LoCoMo.arms.bm25.all@3,all-evidence metric
allev.LoCoMo.bm25.all@5,0.4006514657980456,,artifact:9589b5d6-61ea-4899-8c09-d465348f30ec,53b35902ebbb37f642083616c592f38123aab5ca024bd0efb0f57ff4167f60fd,summary.LoCoMo.arms.bm25.all@5,all-evidence metric
allev.LoCoMo.bm25.frac@5,0.4356991409731399,,artifact:9589b5d6-61ea-4899-8c09-d465348f30ec,53b35902ebbb37f642083616c592f38123aab5ca024bd0efb0f57ff4167f60fd,summary.LoCoMo.arms.bm25.frac@5,all-evidence metric
allev.LoCoMo.code.T_first,75.20065146579805,,artifact:9589b5d6-61ea-4899-8c09-d465348f30ec,53b35902ebbb37f642083616c592f38123aab5ca024bd0efb0f57ff4167f60fd,summary.LoCoMo.arms.code.T_first,all-evidence metric
allev.LoCoMo.code.T_all,132.16677524429969,,artifact:9589b5d6-61ea-4899-8c09-d465348f30ec,53b35902ebbb37f642083616c592f38123aab5ca024bd0efb0f57ff4167f60fd,summary.LoCoMo.arms.code.T_all,all-evidence metric
allev.LoCoMo.code.any@3,0.2736156351791531,,artifact:9589b5d6-61ea-4899-8c09-d465348f30ec,53b35902ebbb37f642083616c592f38123aab5ca024bd0efb0f57ff4167f60fd,summary.LoCoMo.arms.code.any@3,all-evidence metric
allev.LoCoMo.code.all@3,0.21042345276872965,,artifact:9589b5d6-61ea-4899-8c09-d465348f30ec,53b35902ebbb37f642083616c592f38123aab5ca024bd0efb0f57ff4167f60fd,summary.LoCoMo.arms.code.all@3,all-evidence metric
allev.LoCoMo.code.all@5,0.26319218241042347,,artifact:9589b5d6-61ea-4899-8c09-d465348f30ec,53b35902ebbb37f642083616c592f38123aab5ca024bd0efb0f57ff4167f60fd,summary.LoCoMo.arms.code.all@5,all-evidence metric
allev.LoCoMo.code.frac@5,0.2969030836103072,,artifact:9589b5d6-61ea-4899-8c09-d465348f30ec,53b35902ebbb37f642083616c592f38123aab5ca024bd0efb0f57ff4167f60fd,summary.LoCoMo.arms.code.frac@5,all-evidence metric
allev.LoCoMo.W_loo.T_first,56.22214983713355,,artifact:9589b5d6-61ea-4899-8c09-d465348f30ec,53b35902ebbb37f642083616c592f38123aab5ca024bd0efb0f57ff4167f60fd,summary.LoCoMo.arms.W_loo.T_first,all-evidence metric
allev.LoCoMo.W_loo.T_all,109.79804560260587,,artifact:9589b5d6-61ea-4899-8c09-d465348f30ec,53b35902ebbb37f642083616c592f38123aab5ca024bd0efb0f57ff4167f60fd,summary.LoCoMo.arms.W_loo.T_all,all-evidence metric
allev.LoCoMo.W_loo.any@3,0.38045602605863194,,artifact:9589b5d6-61ea-4899-8c09-d465348f30ec,53b35902ebbb37f642083616c592f38123aab5ca024bd0efb0f57ff4167f60fd,summary.LoCoMo.arms.W_loo.any@3,all-evidence metric
allev.LoCoMo.W_loo.all@3,0.30618892508143325,,artifact:9589b5d6-61ea-4899-8c09-d465348f30ec,53b35902ebbb37f642083616c592f38123aab5ca024bd0efb0f57ff4167f60fd,summary.LoCoMo.arms.W_loo.all@3,all-evidence metric
allev.LoCoMo.W_loo.all@5,0.3667752442996743,,artifact:9589b5d6-61ea-4899-8c09-d465348f30ec,53b35902ebbb37f642083616c592f38123aab5ca024bd0efb0f57ff4167f60fd,summary.LoCoMo.arms.W_loo.all@5,all-evidence metric
allev.LoCoMo.W_loo.frac@5,0.40572145786554675,,artifact:9589b5d6-61ea-4899-8c09-d465348f30ec,53b35902ebbb37f642083616c592f38123aab5ca024bd0efb0f57ff4167f60fd,summary.LoCoMo.arms.W_loo.frac@5,all-evidence metric
allev.LoCoMo.w0.1.T_first,60.18110749185668,,artifact:9589b5d6-61ea-4899-8c09-d465348f30ec,53b35902ebbb37f642083616c592f38123aab5ca024bd0efb0f57ff4167f60fd,summary.LoCoMo.arms.w0.1.T_first,all-evidence metric
allev.LoCoMo.w0.1.T_all,113.09185667752443,,artifact:9589b5d6-61ea-4899-8c09-d465348f30ec,53b35902ebbb37f642083616c592f38123aab5ca024bd0efb0f57ff4167f60fd,summary.LoCoMo.arms.w0.1.T_all,all-evidence metric
allev.LoCoMo.w0.1.any@3,0.4241042345276873,,artifact:9589b5d6-61ea-4899-8c09-d465348f30ec,53b35902ebbb37f642083616c592f38123aab5ca024bd0efb0f57ff4167f60fd,summary.LoCoMo.arms.w0.1.any@3,all-evidence metric
allev.LoCoMo.w0.1.all@3,0.3498371335504886,,artifact:9589b5d6-61ea-4899-8c09-d465348f30ec,53b35902ebbb37f642083616c592f38123aab5ca024bd0efb0f57ff4167f60fd,summary.LoCoMo.arms.w0.1.all@3,all-evidence metric
allev.LoCoMo.w0.1.all@5,0.4091205211726384,,artifact:9589b5d6-61ea-4899-8c09-d465348f30ec,53b35902ebbb37f642083616c592f38123aab5ca024bd0efb0f57ff4167f60fd,summary.LoCoMo.arms.w0.1.all@5,all-evidence metric
allev.LoCoMo.w0.1.frac@5,0.44868743687387114,,artifact:9589b5d6-61ea-4899-8c09-d465348f30ec,53b35902ebbb37f642083616c592f38123aab5ca024bd0efb0f57ff4167f60fd,summary.LoCoMo.arms.w0.1.frac@5,all-evidence metric
allev.PerLTQA.n,8265,count,artifact:9589b5d6-61ea-4899-8c09-d465348f30ec,53b35902ebbb37f642083616c592f38123aab5ca024bd0efb0f57ff4167f60fd,summary.PerLTQA.n_queries,queries
allev.PerLTQA.multi,2322,count,artifact:9589b5d6-61ea-4899-8c09-d465348f30ec,53b35902ebbb37f642083616c592f38123aab5ca024bd0efb0f57ff4167f60fd,summary.PerLTQA.arms.bm25.n_multi_evidence,multi-evidence queries
allev.PerLTQA.bm25.T_first,17.251421657592257,,artifact:9589b5d6-61ea-4899-8c09-d465348f30ec,53b35902ebbb37f642083616c592f38123aab5ca024bd0efb0f57ff4167f60fd,summary.PerLTQA.arms.bm25.T_first,all-evidence metric
allev.PerLTQA.bm25.T_all,93.80084694494857,,artifact:9589b5d6-61ea-4899-8c09-d465348f30ec,53b35902ebbb37f642083616c592f38123aab5ca024bd0efb0f57ff4167f60fd,summary.PerLTQA.arms.bm25.T_all,all-evidence metric
allev.PerLTQA.bm25.any@3,0.6713853599516032,,artifact:9589b5d6-61ea-4899-8c09-d465348f30ec,53b35902ebbb37f642083616c592f38123aab5ca024bd0efb0f57ff4167f60fd,summary.PerLTQA.arms.bm25.any@3,all-evidence metric
allev.PerLTQA.bm25.all@3,0.5483363581367211,,artifact:9589b5d6-61ea-4899-8c09-d465348f30ec,53b35902ebbb37f642083616c592f38123aab5ca024bd0efb0f57ff4167f60fd,summary.PerLTQA.arms.bm25.all@3,all-evidence metric
allev.PerLTQA.bm25.all@5,0.5887477313974592,,artifact:9589b5d6-61ea-4899-8c09-d465348f30ec,53b35902ebbb37f642083616c592f38123aab5ca024bd0efb0f57ff4167f60fd,summary.PerLTQA.arms.bm25.all@5,all-evidence metric
allev.PerLTQA.bm25.frac@5,0.615432625826548,,artifact:9589b5d6-61ea-4899-8c09-d465348f30ec,53b35902ebbb37f642083616c592f38123aab5ca024bd0efb0f57ff4167f60fd,summary.PerLTQA.arms.bm25.frac@5,all-evidence metric
allev.PerLTQA.code.T_first,21.314095583787054,,artifact:9589b5d6-61ea-4899-8c09-d465348f30ec,53b35902ebbb37f642083616c592f38123aab5ca024bd0efb0f57ff4167f60fd,summary.PerLTQA.arms.code.T_first,all-evidence metric
allev.PerLTQA.code.T_all,104.45178463399878,,artifact:9589b5d6-61ea-4899-8c09-d465348f30ec,53b35902ebbb37f642083616c592f38123aab5ca024bd0efb0f57ff4167f60fd,summary.PerLTQA.arms.code.T_all,all-evidence metric
allev.PerLTQA.code.any@3,0.5926194797338173,,artifact:9589b5d6-61ea-4899-8c09-d465348f30ec,53b35902ebbb37f642083616c592f38123aab5ca024bd0efb0f57ff4167f60fd,summary.PerLTQA.arms.code.any@3,all-evidence metric
allev.PerLTQA.code.all@3,0.47162734422262553,,artifact:9589b5d6-61ea-4899-8c09-d465348f30ec,53b35902ebbb37f642083616c592f38123aab5ca024bd0efb0f57ff4167f60fd,summary.PerLTQA.arms.code.all@3,all-evidence metric
allev.PerLTQA.code.all@5,0.5277676950998185,,artifact:9589b5d6-61ea-4899-8c09-d465348f30ec,53b35902ebbb37f642083616c592f38123aab5ca024bd0efb0f57ff4167f60fd,summary.PerLTQA.arms.code.all@5,all-evidence metric
allev.PerLTQA.code.frac@5,0.5557645397048424,,artifact:9589b5d6-61ea-4899-8c09-d465348f30ec,53b35902ebbb37f642083616c592f38123aab5ca024bd0efb0f57ff4167f60fd,summary.PerLTQA.arms.code.frac@5,all-evidence metric
allev.PerLTQA.W_loo.T_first,15.621173623714459,,artifact:9589b5d6-61ea-4899-8c09-d465348f30ec,53b35902ebbb37f642083616c592f38123aab5ca024bd0efb0f57ff4167f60fd,summary.PerLTQA.arms.W_loo.T_first,all-evidence metric
allev.PerLTQA.W_loo.T_all,93.71215970961887,,artifact:9589b5d6-61ea-4899-8c09-d465348f30ec,53b35902ebbb37f642083616c592f38123aab5ca024bd0efb0f57ff4167f60fd,summary.PerLTQA.arms.W_loo.T_all,all-evidence metric
allev.PerLTQA.W_loo.any@3,0.6790078644888082,,artifact:9589b5d6-61ea-4899-8c09-d465348f30ec,53b35902ebbb37f642083616c592f38123aab5ca024bd0efb0f57ff4167f60fd,summary.PerLTQA.arms.W_loo.any@3,all-evidence metric
allev.PerLTQA.W_loo.all@3,0.5491833030852995,,artifact:9589b5d6-61ea-4899-8c09-d465348f30ec,53b35902ebbb37f642083616c592f38123aab5ca024bd0efb0f57ff4167f60fd,summary.PerLTQA.arms.W_loo.all@3,all-evidence metric
allev.PerLTQA.W_loo.all@5,0.5985480943738657,,artifact:9589b5d6-61ea-4899-8c09-d465348f30ec,53b35902ebbb37f642083616c592f38123aab5ca024bd0efb0f57ff4167f60fd,summary.PerLTQA.arms.W_loo.all@5,all-evidence metric
allev.PerLTQA.W_loo.frac@5,0.6281260426192522,,artifact:9589b5d6-61ea-4899-8c09-d465348f30ec,53b35902ebbb37f642083616c592f38123aab5ca024bd0efb0f57ff4167f60fd,summary.PerLTQA.arms.W_loo.frac@5,all-evidence metric
allev.PerLTQA.w0.1.T_first,16.543375680580763,,artifact:9589b5d6-61ea-4899-8c09-d465348f30ec,53b35902ebbb37f642083616c592f38123aab5ca024bd0efb0f57ff4167f60fd,summary.PerLTQA.arms.w0.1.T_first,all-evidence metric
allev.PerLTQA.w0.1.T_all,93.1837870538415,,artifact:9589b5d6-61ea-4899-8c09-d465348f30ec,53b35902ebbb37f642083616c592f38123aab5ca024bd0efb0f57ff4167f60fd,summary.PerLTQA.arms.w0.1.T_all,all-evidence metric
allev.PerLTQA.w0.1.any@3,0.6845735027223231,,artifact:9589b5d6-61ea-4899-8c09-d465348f30ec,53b35902ebbb37f642083616c592f38123aab5ca024bd0efb0f57ff4167f60fd,summary.PerLTQA.arms.w0.1.any@3,all-evidence metric
allev.PerLTQA.w0.1.all@3,0.557773744706594,,artifact:9589b5d6-61ea-4899-8c09-d465348f30ec,53b35902ebbb37f642083616c592f38123aab5ca024bd0efb0f57ff4167f60fd,summary.PerLTQA.arms.w0.1.all@3,all-evidence metric
allev.PerLTQA.w0.1.all@5,0.5984271022383545,,artifact:9589b5d6-61ea-4899-8c09-d465348f30ec,53b35902ebbb37f642083616c592f38123aab5ca024bd0efb0f57ff4167f60fd,summary.PerLTQA.arms.w0.1.all@5,all-evidence metric
allev.PerLTQA.w0.1.frac@5,0.6266947073956283,,artifact:9589b5d6-61ea-4899-8c09-d465348f30ec,53b35902ebbb37f642083616c592f38123aab5ca024bd0efb0f57ff4167f60fd,summary.PerLTQA.arms.w0.1.frac@5,all-evidence metric
allev.LongMemEval.n,470,count,artifact:9589b5d6-61ea-4899-8c09-d465348f30ec,53b35902ebbb37f642083616c592f38123aab5ca024bd0efb0f57ff4167f60fd,summary.LongMemEval.n_queries,queries
allev.LongMemEval.multi,296,count,artifact:9589b5d6-61ea-4899-8c09-d465348f30ec,53b35902ebbb37f642083616c592f38123aab5ca024bd0efb0f57ff4167f60fd,summary.LongMemEval.arms.bm25.n_multi_evidence,multi-evidence queries
allev.LongMemEval.bm25.T_first,15.163829787234043,,artifact:9589b5d6-61ea-4899-8c09-d465348f30ec,53b35902ebbb37f642083616c592f38123aab5ca024bd0efb0f57ff4167f60fd,summary.LongMemEval.arms.bm25.T_first,all-evidence metric
allev.LongMemEval.bm25.T_all,44.68936170212766,,artifact:9589b5d6-61ea-4899-8c09-d465348f30ec,53b35902ebbb37f642083616c592f38123aab5ca024bd0efb0f57ff4167f60fd,summary.LongMemEval.arms.bm25.T_all,all-evidence metric
allev.LongMemEval.bm25.any@3,0.7170212765957447,,artifact:9589b5d6-61ea-4899-8c09-d465348f30ec,53b35902ebbb37f642083616c592f38123aab5ca024bd0efb0f57ff4167f60fd,summary.LongMemEval.arms.bm25.any@3,all-evidence metric
allev.LongMemEval.bm25.all@3,0.43617021276595747,,artifact:9589b5d6-61ea-4899-8c09-d465348f30ec,53b35902ebbb37f642083616c592f38123aab5ca024bd0efb0f57ff4167f60fd,summary.LongMemEval.arms.bm25.all@3,all-evidence metric
allev.LongMemEval.bm25.all@5,0.5425531914893617,,artifact:9589b5d6-61ea-4899-8c09-d465348f30ec,53b35902ebbb37f642083616c592f38123aab5ca024bd0efb0f57ff4167f60fd,summary.LongMemEval.arms.bm25.all@5,all-evidence metric
allev.LongMemEval.bm25.frac@5,0.657482269503546,,artifact:9589b5d6-61ea-4899-8c09-d465348f30ec,53b35902ebbb37f642083616c592f38123aab5ca024bd0efb0f57ff4167f60fd,summary.LongMemEval.arms.bm25.frac@5,all-evidence metric
allev.LongMemEval.code.T_first,16.585106382978722,,artifact:9589b5d6-61ea-4899-8c09-d465348f30ec,53b35902ebbb37f642083616c592f38123aab5ca024bd0efb0f57ff4167f60fd,summary.LongMemEval.arms.code.T_first,all-evidence metric
allev.LongMemEval.code.T_all,53.05744680851064,,artifact:9589b5d6-61ea-4899-8c09-d465348f30ec,53b35902ebbb37f642083616c592f38123aab5ca024bd0efb0f57ff4167f60fd,summary.LongMemEval.arms.code.T_all,all-evidence metric
allev.LongMemEval.code.any@3,0.7148936170212766,,artifact:9589b5d6-61ea-4899-8c09-d465348f30ec,53b35902ebbb37f642083616c592f38123aab5ca024bd0efb0f57ff4167f60fd,summary.LongMemEval.arms.code.any@3,all-evidence metric
allev.LongMemEval.code.all@3,0.3893617021276596,,artifact:9589b5d6-61ea-4899-8c09-d465348f30ec,53b35902ebbb37f642083616c592f38123aab5ca024bd0efb0f57ff4167f60fd,summary.LongMemEval.arms.code.all@3,all-evidence metric
allev.LongMemEval.code.all@5,0.5319148936170213,,artifact:9589b5d6-61ea-4899-8c09-d465348f30ec,53b35902ebbb37f642083616c592f38123aab5ca024bd0efb0f57ff4167f60fd,summary.LongMemEval.arms.code.all@5,all-evidence metric
allev.LongMemEval.code.frac@5,0.6629078014184397,,artifact:9589b5d6-61ea-4899-8c09-d465348f30ec,53b35902ebbb37f642083616c592f38123aab5ca024bd0efb0f57ff4167f60fd,summary.LongMemEval.arms.code.frac@5,all-evidence metric
allev.LongMemEval.W_loo.T_first,10.8,,artifact:9589b5d6-61ea-4899-8c09-d465348f30ec,53b35902ebbb37f642083616c592f38123aab5ca024bd0efb0f57ff4167f60fd,summary.LongMemEval.arms.W_loo.T_first,all-evidence metric
allev.LongMemEval.W_loo.T_all,36.59787234042553,,artifact:9589b5d6-61ea-4899-8c09-d465348f30ec,53b35902ebbb37f642083616c592f38123aab5ca024bd0efb0f57ff4167f60fd,summary.LongMemEval.arms.W_loo.T_all,all-evidence metric
allev.LongMemEval.W_loo.any@3,0.7425531914893617,,artifact:9589b5d6-61ea-4899-8c09-d465348f30ec,53b35902ebbb37f642083616c592f38123aab5ca024bd0efb0f57ff4167f60fd,summary.LongMemEval.arms.W_loo.any@3,all-evidence metric
allev.LongMemEval.W_loo.all@3,0.4553191489361702,,artifact:9589b5d6-61ea-4899-8c09-d465348f30ec,53b35902ebbb37f642083616c592f38123aab5ca024bd0efb0f57ff4167f60fd,summary.LongMemEval.arms.W_loo.all@3,all-evidence metric
allev.LongMemEval.W_loo.all@5,0.5638297872340425,,artifact:9589b5d6-61ea-4899-8c09-d465348f30ec,53b35902ebbb37f642083616c592f38123aab5ca024bd0efb0f57ff4167f60fd,summary.LongMemEval.arms.W_loo.all@5,all-evidence metric
allev.LongMemEval.W_loo.frac@5,0.6885815602836879,,artifact:9589b5d6-61ea-4899-8c09-d465348f30ec,53b35902ebbb37f642083616c592f38123aab5ca024bd0efb0f57ff4167f60fd,summary.LongMemEval.arms.W_loo.frac@5,all-evidence metric
allev.LongMemEval.w0.1.T_first,13.427659574468086,,artifact:9589b5d6-61ea-4899-8c09-d465348f30ec,53b35902ebbb37f642083616c592f38123aab5ca024bd0efb0f57ff4167f60fd,summary.LongMemEval.arms.w0.1.T_first,all-evidence metric
allev.LongMemEval.w0.1.T_all,41.13404255319149,,artifact:9589b5d6-61ea-4899-8c09-d465348f30ec,53b35902ebbb37f642083616c592f38123aab5ca024bd0efb0f57ff4167f60fd,summary.LongMemEval.arms.w0.1.T_all,all-evidence metric
allev.LongMemEval.w0.1.any@3,0.7319148936170212,,artifact:9589b5d6-61ea-4899-8c09-d465348f30ec,53b35902ebbb37f642083616c592f38123aab5ca024bd0efb0f57ff4167f60fd,summary.LongMemEval.arms.w0.1.any@3,all-evidence metric
allev.LongMemEval.w0.1.all@3,0.4531914893617021,,artifact:9589b5d6-61ea-4899-8c09-d465348f30ec,53b35902ebbb37f642083616c592f38123aab5ca024bd0efb0f57ff4167f60fd,summary.LongMemEval.arms.w0.1.all@3,all-evidence metric
allev.LongMemEval.w0.1.all@5,0.5659574468085107,,artifact:9589b5d6-61ea-4899-8c09-d465348f30ec,53b35902ebbb37f642083616c592f38123aab5ca024bd0efb0f57ff4167f60fd,summary.LongMemEval.arms.w0.1.all@5,all-evidence metric
allev.LongMemEval.w0.1.frac@5,0.6784751773049645,,artifact:9589b5d6-61ea-4899-8c09-d465348f30ec,53b35902ebbb37f642083616c592f38123aab5ca024bd0efb0f57ff4167f60fd,summary.LongMemEval.arms.w0.1.frac@5,all-evidence metric
allev.RealTalk.n,705,count,artifact:9589b5d6-61ea-4899-8c09-d465348f30ec,53b35902ebbb37f642083616c592f38123aab5ca024bd0efb0f57ff4167f60fd,summary.RealTalk.n_queries,queries
allev.RealTalk.multi,386,count,artifact:9589b5d6-61ea-4899-8c09-d465348f30ec,53b35902ebbb37f642083616c592f38123aab5ca024bd0efb0f57ff4167f60fd,summary.RealTalk.arms.bm25.n_multi_evidence,multi-evidence queries
allev.RealTalk.bm25.T_first,82.42695035460993,,artifact:9589b5d6-61ea-4899-8c09-d465348f30ec,53b35902ebbb37f642083616c592f38123aab5ca024bd0efb0f57ff4167f60fd,summary.RealTalk.arms.bm25.T_first,all-evidence metric
allev.RealTalk.bm25.T_all,271.0127659574468,,artifact:9589b5d6-61ea-4899-8c09-d465348f30ec,53b35902ebbb37f642083616c592f38123aab5ca024bd0efb0f57ff4167f60fd,summary.RealTalk.arms.bm25.T_all,all-evidence metric
allev.RealTalk.bm25.any@3,0.40283687943262414,,artifact:9589b5d6-61ea-4899-8c09-d465348f30ec,53b35902ebbb37f642083616c592f38123aab5ca024bd0efb0f57ff4167f60fd,summary.RealTalk.arms.bm25.any@3,all-evidence metric
allev.RealTalk.bm25.all@3,0.28936170212765955,,artifact:9589b5d6-61ea-4899-8c09-d465348f30ec,53b35902ebbb37f642083616c592f38123aab5ca024bd0efb0f57ff4167f60fd,summary.RealTalk.arms.bm25.all@3,all-evidence metric
allev.RealTalk.bm25.all@5,0.32340425531914896,,artifact:9589b5d6-61ea-4899-8c09-d465348f30ec,53b35902ebbb37f642083616c592f38123aab5ca024bd0efb0f57ff4167f60fd,summary.RealTalk.arms.bm25.all@5,all-evidence metric
allev.RealTalk.bm25.frac@5,0.3805266416632598,,artifact:9589b5d6-61ea-4899-8c09-d465348f30ec,53b35902ebbb37f642083616c592f38123aab5ca024bd0efb0f57ff4167f60fd,summary.RealTalk.arms.bm25.frac@5,all-evidence metric
allev.RealTalk.code.T_first,104.54042553191489,,artifact:9589b5d6-61ea-4899-8c09-d465348f30ec,53b35902ebbb37f642083616c592f38123aab5ca024bd0efb0f57ff4167f60fd,summary.RealTalk.arms.code.T_first,all-evidence metric
allev.RealTalk.code.T_all,310.1475177304965,,artifact:9589b5d6-61ea-4899-8c09-d465348f30ec,53b35902ebbb37f642083616c592f38123aab5ca024bd0efb0f57ff4167f60fd,summary.RealTalk.arms.code.T_all,all-evidence metric
allev.RealTalk.code.any@3,0.300709219858156,,artifact:9589b5d6-61ea-4899-8c09-d465348f30ec,53b35902ebbb37f642083616c592f38123aab5ca024bd0efb0f57ff4167f60fd,summary.RealTalk.arms.code.any@3,all-evidence metric
allev.RealTalk.code.all@3,0.18581560283687942,,artifact:9589b5d6-61ea-4899-8c09-d465348f30ec,53b35902ebbb37f642083616c592f38123aab5ca024bd0efb0f57ff4167f60fd,summary.RealTalk.arms.code.all@3,all-evidence metric
allev.RealTalk.code.all@5,0.21418439716312057,,artifact:9589b5d6-61ea-4899-8c09-d465348f30ec,53b35902ebbb37f642083616c592f38123aab5ca024bd0efb0f57ff4167f60fd,summary.RealTalk.arms.code.all@5,all-evidence metric
allev.RealTalk.code.frac@5,0.27252617359000336,,artifact:9589b5d6-61ea-4899-8c09-d465348f30ec,53b35902ebbb37f642083616c592f38123aab5ca024bd0efb0f57ff4167f60fd,summary.RealTalk.arms.code.frac@5,all-evidence metric
allev.RealTalk.W_loo.T_first,74.94326241134752,,artifact:9589b5d6-61ea-4899-8c09-d465348f30ec,53b35902ebbb37f642083616c592f38123aab5ca024bd0efb0f57ff4167f60fd,summary.RealTalk.arms.W_loo.T_first,all-evidence metric
allev.RealTalk.W_loo.T_all,263.6595744680851,,artifact:9589b5d6-61ea-4899-8c09-d465348f30ec,53b35902ebbb37f642083616c592f38123aab5ca024bd0efb0f57ff4167f60fd,summary.RealTalk.arms.W_loo.T_all,all-evidence metric
allev.RealTalk.W_loo.any@3,0.4014184397163121,,artifact:9589b5d6-61ea-4899-8c09-d465348f30ec,53b35902ebbb37f642083616c592f38123aab5ca024bd0efb0f57ff4167f60fd,summary.RealTalk.arms.W_loo.any@3,all-evidence metric
allev.RealTalk.W_loo.all@3,0.2624113475177305,,artifact:9589b5d6-61ea-4899-8c09-d465348f30ec,53b35902ebbb37f642083616c592f38123aab5ca024bd0efb0f57ff4167f60fd,summary.RealTalk.arms.W_loo.all@3,all-evidence metric
allev.RealTalk.W_loo.all@5,0.31063829787234043,,artifact:9589b5d6-61ea-4899-8c09-d465348f30ec,53b35902ebbb37f642083616c592f38123aab5ca024bd0efb0f57ff4167f60fd,summary.RealTalk.arms.W_loo.all@5,all-evidence metric
allev.RealTalk.W_loo.frac@5,0.37261096002417393,,artifact:9589b5d6-61ea-4899-8c09-d465348f30ec,53b35902ebbb37f642083616c592f38123aab5ca024bd0efb0f57ff4167f60fd,summary.RealTalk.arms.W_loo.frac@5,all-evidence metric
allev.RealTalk.w0.1.T_first,78.37730496453901,,artifact:9589b5d6-61ea-4899-8c09-d465348f30ec,53b35902ebbb37f642083616c592f38123aab5ca024bd0efb0f57ff4167f60fd,summary.RealTalk.arms.w0.1.T_first,all-evidence metric
allev.RealTalk.w0.1.T_all,263.290780141844,,artifact:9589b5d6-61ea-4899-8c09-d465348f30ec,53b35902ebbb37f642083616c592f38123aab5ca024bd0efb0f57ff4167f60fd,summary.RealTalk.arms.w0.1.T_all,all-evidence metric
allev.RealTalk.w0.1.any@3,0.42127659574468085,,artifact:9589b5d6-61ea-4899-8c09-d465348f30ec,53b35902ebbb37f642083616c592f38123aab5ca024bd0efb0f57ff4167f60fd,summary.RealTalk.arms.w0.1.any@3,all-evidence metric
allev.RealTalk.w0.1.all@3,0.2907801418439716,,artifact:9589b5d6-61ea-4899-8c09-d465348f30ec,53b35902ebbb37f642083616c592f38123aab5ca024bd0efb0f57ff4167f60fd,summary.RealTalk.arms.w0.1.all@3,all-evidence metric
allev.RealTalk.w0.1.all@5,0.324822695035461,,artifact:9589b5d6-61ea-4899-8c09-d465348f30ec,53b35902ebbb37f642083616c592f38123aab5ca024bd0efb0f57ff4167f60fd,summary.RealTalk.arms.w0.1.all@5,all-evidence metric
allev.RealTalk.w0.1.frac@5,0.3887592207469028,,artifact:9589b5d6-61ea-4899-8c09-d465348f30ec,53b35902ebbb37f642083616c592f38123aab5ca024bd0efb0f57ff4167f60fd,summary.RealTalk.arms.w0.1.frac@5,all-evidence metric
allev.LoCoMo.W_loo.dall@5,-3.3876221498371337,,artifact:9589b5d6-61ea-4899-8c09-d465348f30ec,53b35902ebbb37f642083616c592f38123aab5ca024bd0efb0f57ff4167f60fd,recomputed,difference vs BM25
allev.LoCoMo.W_loo.dall@5.lo,-5.587370600414078,,artifact:9589b5d6-61ea-4899-8c09-d465348f30ec,53b35902ebbb37f642083616c592f38123aab5ca024bd0efb0f57ff4167f60fd,recomputed,95% lower
allev.LoCoMo.W_loo.dall@5.hi,-1.0069713400464757,,artifact:9589b5d6-61ea-4899-8c09-d465348f30ec,53b35902ebbb37f642083616c592f38123aab5ca024bd0efb0f57ff4167f60fd,recomputed,95% upper
allev.LoCoMo.W_loo.dT_all,-7.940065146579805,,artifact:9589b5d6-61ea-4899-8c09-d465348f30ec,53b35902ebbb37f642083616c592f38123aab5ca024bd0efb0f57ff4167f60fd,recomputed,difference vs BM25
allev.LoCoMo.W_loo.dT_all.lo,-11.59330020850148,,artifact:9589b5d6-61ea-4899-8c09-d465348f30ec,53b35902ebbb37f642083616c592f38123aab5ca024bd0efb0f57ff4167f60fd,recomputed,95% lower
allev.LoCoMo.W_loo.dT_all.hi,-4.037548531666928,,artifact:9589b5d6-61ea-4899-8c09-d465348f30ec,53b35902ebbb37f642083616c592f38123aab5ca024bd0efb0f57ff4167f60fd,recomputed,95% upper
allev.LoCoMo.W_loo.dfrac@5,-2.997768310759305,,artifact:9589b5d6-61ea-4899-8c09-d465348f30ec,53b35902ebbb37f642083616c592f38123aab5ca024bd0efb0f57ff4167f60fd,recomputed,difference vs BM25
allev.LoCoMo.W_loo.dfrac@5.lo,-5.304072338748522,,artifact:9589b5d6-61ea-4899-8c09-d465348f30ec,53b35902ebbb37f642083616c592f38123aab5ca024bd0efb0f57ff4167f60fd,recomputed,95% lower
allev.LoCoMo.W_loo.dfrac@5.hi,-0.7363922428150702,,artifact:9589b5d6-61ea-4899-8c09-d465348f30ec,53b35902ebbb37f642083616c592f38123aab5ca024bd0efb0f57ff4167f60fd,recomputed,95% upper
allev.LoCoMo.w0.1.dall@5,0.8469055374592834,,artifact:9589b5d6-61ea-4899-8c09-d465348f30ec,53b35902ebbb37f642083616c592f38123aab5ca024bd0efb0f57ff4167f60fd,recomputed,difference vs BM25
allev.LoCoMo.w0.1.dall@5.lo,0.06324711628825744,,artifact:9589b5d6-61ea-4899-8c09-d465348f30ec,53b35902ebbb37f642083616c592f38123aab5ca024bd0efb0f57ff4167f60fd,recomputed,95% lower
allev.LoCoMo.w0.1.dall@5.hi,1.7529934207875175,,artifact:9589b5d6-61ea-4899-8c09-d465348f30ec,53b35902ebbb37f642083616c592f38123aab5ca024bd0efb0f57ff4167f60fd,recomputed,95% upper
allev.LoCoMo.w0.1.dT_all,-4.646254071661238,,artifact:9589b5d6-61ea-4899-8c09-d465348f30ec,53b35902ebbb37f642083616c592f38123aab5ca024bd0efb0f57ff4167f60fd,recomputed,difference vs BM25
allev.LoCoMo.w0.1.dT_all.lo,-5.864746631135043,,artifact:9589b5d6-61ea-4899-8c09-d465348f30ec,53b35902ebbb37f642083616c592f38123aab5ca024bd0efb0f57ff4167f60fd,recomputed,95% lower
allev.LoCoMo.w0.1.dT_all.hi,-3.314803671286166,,artifact:9589b5d6-61ea-4899-8c09-d465348f30ec,53b35902ebbb37f642083616c592f38123aab5ca024bd0efb0f57ff4167f60fd,recomputed,95% upper
allev.LoCoMo.w0.1.dfrac@5,1.2988295900731233,,artifact:9589b5d6-61ea-4899-8c09-d465348f30ec,53b35902ebbb37f642083616c592f38123aab5ca024bd0efb0f57ff4167f60fd,recomputed,difference vs BM25
allev.LoCoMo.w0.1.dfrac@5.lo,0.6341671271071859,,artifact:9589b5d6-61ea-4899-8c09-d465348f30ec,53b35902ebbb37f642083616c592f38123aab5ca024bd0efb0f57ff4167f60fd,recomputed,95% lower
allev.LoCoMo.w0.1.dfrac@5.hi,2.1138537689846135,,artifact:9589b5d6-61ea-4899-8c09-d465348f30ec,53b35902ebbb37f642083616c592f38123aab5ca024bd0efb0f57ff4167f60fd,recomputed,95% upper
allev.PerLTQA.W_loo.dall@5,0.9800362976406534,,artifact:9589b5d6-61ea-4899-8c09-d465348f30ec,53b35902ebbb37f642083616c592f38123aab5ca024bd0efb0f57ff4167f60fd,recomputed,difference vs BM25
allev.PerLTQA.W_loo.dall@5.lo,0.21059603156180853,,artifact:9589b5d6-61ea-4899-8c09-d465348f30ec,53b35902ebbb37f642083616c592f38123aab5ca024bd0efb0f57ff4167f60fd,recomputed,95% lower
allev.PerLTQA.W_loo.dall@5.hi,1.745633454301992,,artifact:9589b5d6-61ea-4899-8c09-d465348f30ec,53b35902ebbb37f642083616c592f38123aab5ca024bd0efb0f57ff4167f60fd,recomputed,95% upper
allev.PerLTQA.W_loo.dT_all,-0.08868723532970357,,artifact:9589b5d6-61ea-4899-8c09-d465348f30ec,53b35902ebbb37f642083616c592f38123aab5ca024bd0efb0f57ff4167f60fd,recomputed,difference vs BM25
allev.PerLTQA.W_loo.dT_all.lo,-1.3225370330934885,,artifact:9589b5d6-61ea-4899-8c09-d465348f30ec,53b35902ebbb37f642083616c592f38123aab5ca024bd0efb0f57ff4167f60fd,recomputed,95% lower
allev.PerLTQA.W_loo.dT_all.hi,1.0302797886202895,,artifact:9589b5d6-61ea-4899-8c09-d465348f30ec,53b35902ebbb37f642083616c592f38123aab5ca024bd0efb0f57ff4167f60fd,recomputed,95% upper
allev.PerLTQA.W_loo.dfrac@5,1.2693416792704324,,artifact:9589b5d6-61ea-4899-8c09-d465348f30ec,53b35902ebbb37f642083616c592f38123aab5ca024bd0efb0f57ff4167f60fd,recomputed,difference vs BM25
allev.PerLTQA.W_loo.dfrac@5.lo,0.4622548066043364,,artifact:9589b5d6-61ea-4899-8c09-d465348f30ec,53b35902ebbb37f642083616c592f38123aab5ca024bd0efb0f57ff4167f60fd,recomputed,95% lower
allev.PerLTQA.W_loo.dfrac@5.hi,2.0562225617291903,,artifact:9589b5d6-61ea-4899-8c09-d465348f30ec,53b35902ebbb37f642083616c592f38123aab5ca024bd0efb0f57ff4167f60fd,recomputed,95% upper
allev.PerLTQA.w0.1.dall@5,0.9679370840895342,,artifact:9589b5d6-61ea-4899-8c09-d465348f30ec,53b35902ebbb37f642083616c592f38123aab5ca024bd0efb0f57ff4167f60fd,recomputed,difference vs BM25
allev.PerLTQA.w0.1.dall@5.lo,0.6900715990127446,,artifact:9589b5d6-61ea-4899-8c09-d465348f30ec,53b35902ebbb37f642083616c592f38123aab5ca024bd0efb0f57ff4167f60fd,recomputed,95% lower
allev.PerLTQA.w0.1.dall@5.hi,1.2578732734661953,,artifact:9589b5d6-61ea-4899-8c09-d465348f30ec,53b35902ebbb37f642083616c592f38123aab5ca024bd0efb0f57ff4167f60fd,recomputed,95% upper
allev.PerLTQA.w0.1.dT_all,-0.617059891107078,,artifact:9589b5d6-61ea-4899-8c09-d465348f30ec,53b35902ebbb37f642083616c592f38123aab5ca024bd0efb0f57ff4167f60fd,recomputed,difference vs BM25
allev.PerLTQA.w0.1.dT_all.lo,-1.089618740553262,,artifact:9589b5d6-61ea-4899-8c09-d465348f30ec,53b35902ebbb37f642083616c592f38123aab5ca024bd0efb0f57ff4167f60fd,recomputed,95% lower
allev.PerLTQA.w0.1.dT_all.hi,-0.1864832182094493,,artifact:9589b5d6-61ea-4899-8c09-d465348f30ec,53b35902ebbb37f642083616c592f38123aab5ca024bd0efb0f57ff4167f60fd,recomputed,95% upper
allev.PerLTQA.w0.1.dfrac@5,1.1262081569080382,,artifact:9589b5d6-61ea-4899-8c09-d465348f30ec,53b35902ebbb37f642083616c592f38123aab5ca024bd0efb0f57ff4167f60fd,recomputed,difference vs BM25
allev.PerLTQA.w0.1.dfrac@5.lo,0.8380501360157989,,artifact:9589b5d6-61ea-4899-8c09-d465348f30ec,53b35902ebbb37f642083616c592f38123aab5ca024bd0efb0f57ff4167f60fd,recomputed,95% lower
allev.PerLTQA.w0.1.dfrac@5.hi,1.445054795722459,,artifact:9589b5d6-61ea-4899-8c09-d465348f30ec,53b35902ebbb37f642083616c592f38123aab5ca024bd0efb0f57ff4167f60fd,recomputed,95% upper
allev.LongMemEval.W_loo.dall@5,2.127659574468085,,artifact:9589b5d6-61ea-4899-8c09-d465348f30ec,53b35902ebbb37f642083616c592f38123aab5ca024bd0efb0f57ff4167f60fd,recomputed,difference vs BM25
allev.LongMemEval.W_loo.dall@5.lo,-0.851063829787234,,artifact:9589b5d6-61ea-4899-8c09-d465348f30ec,53b35902ebbb37f642083616c592f38123aab5ca024bd0efb0f57ff4167f60fd,recomputed,95% lower
allev.LongMemEval.W_loo.dall@5.hi,5.1063829787234045,,artifact:9589b5d6-61ea-4899-8c09-d465348f30ec,53b35902ebbb37f642083616c592f38123aab5ca024bd0efb0f57ff4167f60fd,recomputed,95% upper
allev.LongMemEval.W_loo.dT_all,-8.091489361702127,,artifact:9589b5d6-61ea-4899-8c09-d465348f30ec,53b35902ebbb37f642083616c592f38123aab5ca024bd0efb0f57ff4167f60fd,recomputed,difference vs BM25
allev.LongMemEval.W_loo.dT_all.lo,-13.23627659574468,,artifact:9589b5d6-61ea-4899-8c09-d465348f30ec,53b35902ebbb37f642083616c592f38123aab5ca024bd0efb0f57ff4167f60fd,recomputed,95% lower
allev.LongMemEval.W_loo.dT_all.hi,-3.2850000000000015,,artifact:9589b5d6-61ea-4899-8c09-d465348f30ec,53b35902ebbb37f642083616c592f38123aab5ca024bd0efb0f57ff4167f60fd,recomputed,95% upper
allev.LongMemEval.W_loo.dfrac@5,3.1099290780141846,,artifact:9589b5d6-61ea-4899-8c09-d465348f30ec,53b35902ebbb37f642083616c592f38123aab5ca024bd0efb0f57ff4167f60fd,recomputed,difference vs BM25
allev.LongMemEval.W_loo.dfrac@5.lo,0.8758865248226949,,artifact:9589b5d6-61ea-4899-8c09-d465348f30ec,53b35902ebbb37f642083616c592f38123aab5ca024bd0efb0f57ff4167f60fd,recomputed,95% lower
allev.LongMemEval.W_loo.dfrac@5.hi,5.386524822695035,,artifact:9589b5d6-61ea-4899-8c09-d465348f30ec,53b35902ebbb37f642083616c592f38123aab5ca024bd0efb0f57ff4167f60fd,recomputed,95% upper
allev.LongMemEval.w0.1.dall@5,2.3404255319148937,,artifact:9589b5d6-61ea-4899-8c09-d465348f30ec,53b35902ebbb37f642083616c592f38123aab5ca024bd0efb0f57ff4167f60fd,recomputed,difference vs BM25
allev.LongMemEval.w0.1.dall@5.lo,0.851063829787234,,artifact:9589b5d6-61ea-4899-8c09-d465348f30ec,53b35902ebbb37f642083616c592f38123aab5ca024bd0efb0f57ff4167f60fd,recomputed,95% lower
allev.LongMemEval.w0.1.dall@5.hi,3.8297872340425534,,artifact:9589b5d6-61ea-4899-8c09-d465348f30ec,53b35902ebbb37f642083616c592f38123aab5ca024bd0efb0f57ff4167f60fd,recomputed,95% upper
allev.LongMemEval.w0.1.dT_all,-3.5553191489361704,,artifact:9589b5d6-61ea-4899-8c09-d465348f30ec,53b35902ebbb37f642083616c592f38123aab5ca024bd0efb0f57ff4167f60fd,recomputed,difference vs BM25
allev.LongMemEval.w0.1.dT_all.lo,-5.376648936170213,,artifact:9589b5d6-61ea-4899-8c09-d465348f30ec,53b35902ebbb37f642083616c592f38123aab5ca024bd0efb0f57ff4167f60fd,recomputed,95% lower
allev.LongMemEval.w0.1.dT_all.hi,-1.972287234042554,,artifact:9589b5d6-61ea-4899-8c09-d465348f30ec,53b35902ebbb37f642083616c592f38123aab5ca024bd0efb0f57ff4167f60fd,recomputed,95% upper
allev.LongMemEval.w0.1.dfrac@5,2.0992907801418443,,artifact:9589b5d6-61ea-4899-8c09-d465348f30ec,53b35902ebbb37f642083616c592f38123aab5ca024bd0efb0f57ff4167f60fd,recomputed,difference vs BM25
allev.LongMemEval.w0.1.dfrac@5.lo,0.9751773049645389,,artifact:9589b5d6-61ea-4899-8c09-d465348f30ec,53b35902ebbb37f642083616c592f38123aab5ca024bd0efb0f57ff4167f60fd,recomputed,95% lower
allev.LongMemEval.w0.1.dfrac@5.hi,3.3475177304964543,,artifact:9589b5d6-61ea-4899-8c09-d465348f30ec,53b35902ebbb37f642083616c592f38123aab5ca024bd0efb0f57ff4167f60fd,recomputed,95% upper
allev.RealTalk.W_loo.dall@5,-1.2765957446808511,,artifact:9589b5d6-61ea-4899-8c09-d465348f30ec,53b35902ebbb37f642083616c592f38123aab5ca024bd0efb0f57ff4167f60fd,recomputed,difference vs BM25
allev.RealTalk.W_loo.dall@5.lo,-3.413940256045519,,artifact:9589b5d6-61ea-4899-8c09-d465348f30ec,53b35902ebbb37f642083616c592f38123aab5ca024bd0efb0f57ff4167f60fd,recomputed,95% lower
allev.RealTalk.W_loo.dall@5.hi,0.5610098176718092,,artifact:9589b5d6-61ea-4899-8c09-d465348f30ec,53b35902ebbb37f642083616c592f38123aab5ca024bd0efb0f57ff4167f60fd,recomputed,95% upper
allev.RealTalk.W_loo.dT_all,-7.353191489361702,,artifact:9589b5d6-61ea-4899-8c09-d465348f30ec,53b35902ebbb37f642083616c592f38123aab5ca024bd0efb0f57ff4167f60fd,recomputed,difference vs BM25
allev.RealTalk.W_loo.dT_all.lo,-17.76050192130846,,artifact:9589b5d6-61ea-4899-8c09-d465348f30ec,53b35902ebbb37f642083616c592f38123aab5ca024bd0efb0f57ff4167f60fd,recomputed,95% lower
allev.RealTalk.W_loo.dT_all.hi,0.6710237390780136,,artifact:9589b5d6-61ea-4899-8c09-d465348f30ec,53b35902ebbb37f642083616c592f38123aab5ca024bd0efb0f57ff4167f60fd,recomputed,95% upper
allev.RealTalk.W_loo.dfrac@5,-0.7915681639085894,,artifact:9589b5d6-61ea-4899-8c09-d465348f30ec,53b35902ebbb37f642083616c592f38123aab5ca024bd0efb0f57ff4167f60fd,recomputed,difference vs BM25
allev.RealTalk.W_loo.dfrac@5.lo,-2.702066737053828,,artifact:9589b5d6-61ea-4899-8c09-d465348f30ec,53b35902ebbb37f642083616c592f38123aab5ca024bd0efb0f57ff4167f60fd,recomputed,95% lower
allev.RealTalk.W_loo.dfrac@5.hi,0.947390826082809,,artifact:9589b5d6-61ea-4899-8c09-d465348f30ec,53b35902ebbb37f642083616c592f38123aab5ca024bd0efb0f57ff4167f60fd,recomputed,95% upper
allev.RealTalk.w0.1.dall@5,0.14184397163120568,,artifact:9589b5d6-61ea-4899-8c09-d465348f30ec,53b35902ebbb37f642083616c592f38123aab5ca024bd0efb0f57ff4167f60fd,recomputed,difference vs BM25
allev.RealTalk.w0.1.dall@5.lo,-0.8535154587786167,,artifact:9589b5d6-61ea-4899-8c09-d465348f30ec,53b35902ebbb37f642083616c592f38123aab5ca024bd0efb0f57ff4167f60fd,recomputed,95% lower
allev.RealTalk.w0.1.dall@5.hi,1.1204481792717087,,artifact:9589b5d6-61ea-4899-8c09-d465348f30ec,53b35902ebbb37f642083616c592f38123aab5ca024bd0efb0f57ff4167f60fd,recomputed,95% upper
allev.RealTalk.w0.1.dT_all,-7.721985815602837,,artifact:9589b5d6-61ea-4899-8c09-d465348f30ec,53b35902ebbb37f642083616c592f38123aab5ca024bd0efb0f57ff4167f60fd,recomputed,difference vs BM25
allev.RealTalk.w0.1.dT_all.lo,-15.362519200014457,,artifact:9589b5d6-61ea-4899-8c09-d465348f30ec,53b35902ebbb37f642083616c592f38123aab5ca024bd0efb0f57ff4167f60fd,recomputed,95% lower
allev.RealTalk.w0.1.dT_all.hi,-1.7901387051591318,,artifact:9589b5d6-61ea-4899-8c09-d465348f30ec,53b35902ebbb37f642083616c592f38123aab5ca024bd0efb0f57ff4167f60fd,recomputed,95% upper
allev.RealTalk.w0.1.dfrac@5,0.8232579083642912,,artifact:9589b5d6-61ea-4899-8c09-d465348f30ec,53b35902ebbb37f642083616c592f38123aab5ca024bd0efb0f57ff4167f60fd,recomputed,difference vs BM25
allev.RealTalk.w0.1.dfrac@5.lo,-0.06390829211375072,,artifact:9589b5d6-61ea-4899-8c09-d465348f30ec,53b35902ebbb37f642083616c592f38123aab5ca024bd0efb0f57ff4167f60fd,recomputed,95% lower
allev.RealTalk.w0.1.dfrac@5.hi,1.8637226970560303,,artifact:9589b5d6-61ea-4899-8c09-d465348f30ec,53b35902ebbb37f642083616c592f38123aab5ca024bd0efb0f57ff4167f60fd,recomputed,95% upper
codex.manifest.files_hashed,142,count,artifact:ea16b81c-3983-4a08-acbf-aec6ca098dd5,0a4c1bc66d61a40b8cd1c4278b7212907adf27b4ecbfbed78b418939d1632768,manifests.files_hashed,Codex round 1 manifest check
codex.manifest.verified,142,count,artifact:ea16b81c-3983-4a08-acbf-aec6ca098dd5,0a4c1bc66d61a40b8cd1c4278b7212907adf27b4ecbfbed78b418939d1632768,manifests.verified,Codex round 1 manifest check
codex.manifest.mismatches,0,count,artifact:ea16b81c-3983-4a08-acbf-aec6ca098dd5,0a4c1bc66d61a40b8cd1c4278b7212907adf27b4ecbfbed78b418939d1632768,manifests.mismatches,Codex round 1 manifest check
codex.manifest.missing,0,count,artifact:ea16b81c-3983-4a08-acbf-aec6ca098dd5,0a4c1bc66d61a40b8cd1c4278b7212907adf27b4ecbfbed78b418939d1632768,manifests.missing,Codex round 1 manifest check
codex.rep.scripts,21,count,artifact:ea16b81c-3983-4a08-acbf-aec6ca098dd5,0a4c1bc66d61a40b8cd1c4278b7212907adf27b4ecbfbed78b418939d1632768,replication.scripts,Codex round 1 replication
codex.rep.exit_zero,21,count,artifact:ea16b81c-3983-4a08-acbf-aec6ca098dd5,0a4c1bc66d61a40b8cd1c4278b7212907adf27b4ecbfbed78b418939d1632768,replication.exit_zero,Codex round 1 replication
codex.rep.stdout_byte_identical,10,count,artifact:ea16b81c-3983-4a08-acbf-aec6ca098dd5,0a4c1bc66d61a40b8cd1c4278b7212907adf27b4ecbfbed78b418939d1632768,replication.stdout_byte_identical,Codex round 1 replication
codex.rep.timing_or_provenance_only,11,count,artifact:ea16b81c-3983-4a08-acbf-aec6ca098dd5,0a4c1bc66d61a40b8cd1c4278b7212907adf27b4ecbfbed78b418939d1632768,replication.timing_or_provenance_only,Codex round 1 replication
codex.rep.content_differences,0,count,artifact:ea16b81c-3983-4a08-acbf-aec6ca098dd5,0a4c1bc66d61a40b8cd1c4278b7212907adf27b4ecbfbed78b418939d1632768,replication.content_differences,Codex round 1 replication
codex.rep.regenerated_files_differing,17,count,artifact:ea16b81c-3983-4a08-acbf-aec6ca098dd5,0a4c1bc66d61a40b8cd1c4278b7212907adf27b4ecbfbed78b418939d1632768,replication.regenerated_files_differing,Codex round 1 replication
codex.rep.regenerated_files_differing_after_stripping_timing,0,count,artifact:ea16b81c-3983-4a08-acbf-aec6ca098dd5,0a4c1bc66d61a40b8cd1c4278b7212907adf27b4ecbfbed78b418939d1632768,replication.regenerated_files_differing_after_stripping_timing,Codex round 1 replication
codex.timelimited.N8.frontier_nodes_reference,8388,,artifact:ea16b81c-3983-4a08-acbf-aec6ca098dd5,0a4c1bc66d61a40b8cd1c4278b7212907adf27b4ecbfbed78b418939d1632768,replication.time_limited_rows.N8.frontier_nodes_reference,time-limited hard master rows
codex.timelimited.N8.frontier_nodes_replication,4724,,artifact:ea16b81c-3983-4a08-acbf-aec6ca098dd5,0a4c1bc66d61a40b8cd1c4278b7212907adf27b4ecbfbed78b418939d1632768,replication.time_limited_rows.N8.frontier_nodes_replication,time-limited hard master rows
codex.timelimited.N8.LB_both,876213193/100000000,,artifact:ea16b81c-3983-4a08-acbf-aec6ca098dd5,0a4c1bc66d61a40b8cd1c4278b7212907adf27b4ecbfbed78b418939d1632768,replication.time_limited_rows.N8.LB_both,time-limited hard master rows
codex.timelimited.N8.status_both,INCOMPLETE_LIMIT,,artifact:ea16b81c-3983-4a08-acbf-aec6ca098dd5,0a4c1bc66d61a40b8cd1c4278b7212907adf27b4ecbfbed78b418939d1632768,replication.time_limited_rows.N8.status_both,time-limited hard master rows
codex.timelimited.N12.frontier_nodes_reference,1360,,artifact:ea16b81c-3983-4a08-acbf-aec6ca098dd5,0a4c1bc66d61a40b8cd1c4278b7212907adf27b4ecbfbed78b418939d1632768,replication.time_limited_rows.N12.frontier_nodes_reference,time-limited hard master rows
codex.timelimited.N12.frontier_nodes_replication,788,,artifact:ea16b81c-3983-4a08-acbf-aec6ca098dd5,0a4c1bc66d61a40b8cd1c4278b7212907adf27b4ecbfbed78b418939d1632768,replication.time_limited_rows.N12.frontier_nodes_replication,time-limited hard master rows
codex.timelimited.N12.LB_both,13303581801699/1000000000000,,artifact:ea16b81c-3983-4a08-acbf-aec6ca098dd5,0a4c1bc66d61a40b8cd1c4278b7212907adf27b4ecbfbed78b418939d1632768,replication.time_limited_rows.N12.LB_both,time-limited hard master rows
codex.timelimited.N12.status_both,INCOMPLETE_LIMIT,,artifact:ea16b81c-3983-4a08-acbf-aec6ca098dd5,0a4c1bc66d61a40b8cd1c4278b7212907adf27b4ecbfbed78b418939d1632768,replication.time_limited_rows.N12.status_both,time-limited hard master rows
codex.gap.bundled.N4,6.820042,%,artifact:ea16b81c-3983-4a08-acbf-aec6ca098dd5,0a4c1bc66d61a40b8cd1c4278b7212907adf27b4ecbfbed78b418939d1632768,gap_families_percent.bundled,gap to optimum
codex.gap.bundled.N8,15.481365,%,artifact:ea16b81c-3983-4a08-acbf-aec6ca098dd5,0a4c1bc66d61a40b8cd1c4278b7212907adf27b4ecbfbed78b418939d1632768,gap_families_percent.bundled,gap to optimum
codex.gap.bundled.N12,19.505367,%,artifact:ea16b81c-3983-4a08-acbf-aec6ca098dd5,0a4c1bc66d61a40b8cd1c4278b7212907adf27b4ecbfbed78b418939d1632768,gap_families_percent.bundled,gap to optimum
codex.gap.fully_split_with_cost_sharing.N4,8.814207,%,artifact:ea16b81c-3983-4a08-acbf-aec6ca098dd5,0a4c1bc66d61a40b8cd1c4278b7212907adf27b4ecbfbed78b418939d1632768,gap_families_percent.fully_split_with_cost_sharing,gap to optimum
codex.gap.fully_split_with_cost_sharing.N8,16.35,%,artifact:ea16b81c-3983-4a08-acbf-aec6ca098dd5,0a4c1bc66d61a40b8cd1c4278b7212907adf27b4ecbfbed78b418939d1632768,gap_families_percent.fully_split_with_cost_sharing,gap to optimum
codex.gap.fully_split_with_cost_sharing.N12,19.864053,%,artifact:ea16b81c-3983-4a08-acbf-aec6ca098dd5,0a4c1bc66d61a40b8cd1c4278b7212907adf27b4ecbfbed78b418939d1632768,gap_families_percent.fully_split_with_cost_sharing,gap to optimum
codex.gap.hard_nonanticipativity_60s.N4,0.0,%,artifact:ea16b81c-3983-4a08-acbf-aec6ca098dd5,0a4c1bc66d61a40b8cd1c4278b7212907adf27b4ecbfbed78b418939d1632768,gap_families_percent.hard_nonanticipativity_60s,gap to optimum
codex.gap.hard_nonanticipativity_60s.N8,8.131891,%,artifact:ea16b81c-3983-4a08-acbf-aec6ca098dd5,0a4c1bc66d61a40b8cd1c4278b7212907adf27b4ecbfbed78b418939d1632768,gap_families_percent.hard_nonanticipativity_60s,gap to optimum
codex.gap.hard_nonanticipativity_60s.N12,15.450738,%,artifact:ea16b81c-3983-4a08-acbf-aec6ca098dd5,0a4c1bc66d61a40b8cd1c4278b7212907adf27b4ecbfbed78b418939d1632768,gap_families_percent.hard_nonanticipativity_60s,gap to optimum
codex.gap.martingale_penalty.N4,0.0,%,artifact:ea16b81c-3983-4a08-acbf-aec6ca098dd5,0a4c1bc66d61a40b8cd1c4278b7212907adf27b4ecbfbed78b418939d1632768,gap_families_percent.martingale_penalty,gap to optimum
codex.gap.martingale_penalty.N8,0.0,%,artifact:ea16b81c-3983-4a08-acbf-aec6ca098dd5,0a4c1bc66d61a40b8cd1c4278b7212907adf27b4ecbfbed78b418939d1632768,gap_families_percent.martingale_penalty,gap to optimum
codex.gap.martingale_penalty.N12,0.0,%,artifact:ea16b81c-3983-4a08-acbf-aec6ca098dd5,0a4c1bc66d61a40b8cd1c4278b7212907adf27b4ecbfbed78b418939d1632768,gap_families_percent.martingale_penalty,gap to optimum
ctrl.N4.worlds,16,,artifact:da03d2e8-5e7f-46b6-923f-23fc4e1efbed,5738e4f5ab472b68e3e464c445ca0135ce0a6fbaeda7d902b0c6927b79f9d52f,results[N=4].worlds,"compiled controller, independent audit"
ctrl.N4.wrong_answers,0,,artifact:da03d2e8-5e7f-46b6-923f-23fc4e1efbed,5738e4f5ab472b68e3e464c445ca0135ce0a6fbaeda7d902b0c6927b79f9d52f,results[N=4].wrong_answers,"compiled controller, independent audit"
ctrl.N4.expected_cost,47639/10000,,artifact:da03d2e8-5e7f-46b6-923f-23fc4e1efbed,5738e4f5ab472b68e3e464c445ca0135ce0a6fbaeda7d902b0c6927b79f9d52f,results[N=4].expected_cost,"compiled controller, independent audit"
ctrl.N4.exact_match,True,,artifact:da03d2e8-5e7f-46b6-923f-23fc4e1efbed,5738e4f5ab472b68e3e464c445ca0135ce0a6fbaeda7d902b0c6927b79f9d52f,results[N=4].exact_match,"compiled controller, independent audit"
ctrl.N4.worst_case_cost,21,,artifact:da03d2e8-5e7f-46b6-923f-23fc4e1efbed,5738e4f5ab472b68e3e464c445ca0135ce0a6fbaeda7d902b0c6927b79f9d52f,results[N=4].worst_case_cost,"compiled controller, independent audit"
ctrl.N4.action_nodes,6,,artifact:da03d2e8-5e7f-46b6-923f-23fc4e1efbed,5738e4f5ab472b68e3e464c445ca0135ce0a6fbaeda7d902b0c6927b79f9d52f,results[N=4].action_nodes,"compiled controller, independent audit"
ctrl.N4.total_nodes,8,,artifact:da03d2e8-5e7f-46b6-923f-23fc4e1efbed,5738e4f5ab472b68e3e464c445ca0135ce0a6fbaeda7d902b0c6927b79f9d52f,results[N=4].total_nodes,"compiled controller, independent audit"
ctrl.N4.program_bytes,1426,,artifact:da03d2e8-5e7f-46b6-923f-23fc4e1efbed,5738e4f5ab472b68e3e464c445ca0135ce0a6fbaeda7d902b0c6927b79f9d52f,results[N=4].program_bytes,"compiled controller, independent audit"
ctrl.N8.worlds,256,,artifact:da03d2e8-5e7f-46b6-923f-23fc4e1efbed,5738e4f5ab472b68e3e464c445ca0135ce0a6fbaeda7d902b0c6927b79f9d52f,results[N=8].worlds,"compiled controller, independent audit"
ctrl.N8.wrong_answers,0,,artifact:da03d2e8-5e7f-46b6-923f-23fc4e1efbed,5738e4f5ab472b68e3e464c445ca0135ce0a6fbaeda7d902b0c6927b79f9d52f,results[N=8].wrong_answers,"compiled controller, independent audit"
ctrl.N8.expected_cost,953772969/100000000,,artifact:da03d2e8-5e7f-46b6-923f-23fc4e1efbed,5738e4f5ab472b68e3e464c445ca0135ce0a6fbaeda7d902b0c6927b79f9d52f,results[N=8].expected_cost,"compiled controller, independent audit"
ctrl.N8.exact_match,True,,artifact:da03d2e8-5e7f-46b6-923f-23fc4e1efbed,5738e4f5ab472b68e3e464c445ca0135ce0a6fbaeda7d902b0c6927b79f9d52f,results[N=8].exact_match,"compiled controller, independent audit"
ctrl.N8.worst_case_cost,42,,artifact:da03d2e8-5e7f-46b6-923f-23fc4e1efbed,5738e4f5ab472b68e3e464c445ca0135ce0a6fbaeda7d902b0c6927b79f9d52f,results[N=8].worst_case_cost,"compiled controller, independent audit"
ctrl.N8.action_nodes,13,,artifact:da03d2e8-5e7f-46b6-923f-23fc4e1efbed,5738e4f5ab472b68e3e464c445ca0135ce0a6fbaeda7d902b0c6927b79f9d52f,results[N=8].action_nodes,"compiled controller, independent audit"
ctrl.N8.total_nodes,15,,artifact:da03d2e8-5e7f-46b6-923f-23fc4e1efbed,5738e4f5ab472b68e3e464c445ca0135ce0a6fbaeda7d902b0c6927b79f9d52f,results[N=8].total_nodes,"compiled controller, independent audit"
ctrl.N8.program_bytes,2494,,artifact:da03d2e8-5e7f-46b6-923f-23fc4e1efbed,5738e4f5ab472b68e3e464c445ca0135ce0a6fbaeda7d902b0c6927b79f9d52f,results[N=8].program_bytes,"compiled controller, independent audit"
ctrl.N12.worlds,4096,,artifact:da03d2e8-5e7f-46b6-923f-23fc4e1efbed,5738e4f5ab472b68e3e464c445ca0135ce0a6fbaeda7d902b0c6927b79f9d52f,results[N=12].worlds,"compiled controller, independent audit"
ctrl.N12.wrong_answers,0,,artifact:da03d2e8-5e7f-46b6-923f-23fc4e1efbed,5738e4f5ab472b68e3e464c445ca0135ce0a6fbaeda7d902b0c6927b79f9d52f,results[N=12].wrong_answers,"compiled controller, independent audit"
ctrl.N12.expected_cost,15734710706799/1000000000000,,artifact:da03d2e8-5e7f-46b6-923f-23fc4e1efbed,5738e4f5ab472b68e3e464c445ca0135ce0a6fbaeda7d902b0c6927b79f9d52f,results[N=12].expected_cost,"compiled controller, independent audit"
ctrl.N12.exact_match,True,,artifact:da03d2e8-5e7f-46b6-923f-23fc4e1efbed,5738e4f5ab472b68e3e464c445ca0135ce0a6fbaeda7d902b0c6927b79f9d52f,results[N=12].exact_match,"compiled controller, independent audit"
ctrl.N12.worst_case_cost,62,,artifact:da03d2e8-5e7f-46b6-923f-23fc4e1efbed,5738e4f5ab472b68e3e464c445ca0135ce0a6fbaeda7d902b0c6927b79f9d52f,results[N=12].worst_case_cost,"compiled controller, independent audit"
ctrl.N12.action_nodes,18,,artifact:da03d2e8-5e7f-46b6-923f-23fc4e1efbed,5738e4f5ab472b68e3e464c445ca0135ce0a6fbaeda7d902b0c6927b79f9d52f,results[N=12].action_nodes,"compiled controller, independent audit"
ctrl.N12.total_nodes,20,,artifact:da03d2e8-5e7f-46b6-923f-23fc4e1efbed,5738e4f5ab472b68e3e464c445ca0135ce0a6fbaeda7d902b0c6927b79f9d52f,results[N=12].total_nodes,"compiled controller, independent audit"
ctrl.N12.program_bytes,3264,,artifact:da03d2e8-5e7f-46b6-923f-23fc4e1efbed,5738e4f5ab472b68e3e464c445ca0135ce0a6fbaeda7d902b0c6927b79f9d52f,results[N=12].program_bytes,"compiled controller, independent audit"
codex.cold.N4.LB,47639/10000,,file:codex-package/leakage_cold_start_N4.json,98513ed32d8be8ecf6f24e47fcb112314b1791e160979b370b858786f24e3385,LB,Codex cold-start certificate
codex.cold.N4.UB,47639/10000,,file:codex-package/leakage_cold_start_N4.json,98513ed32d8be8ecf6f24e47fcb112314b1791e160979b370b858786f24e3385,UB,Codex cold-start certificate
codex.cold.N4.relaxed_pair_states,211,,file:codex-package/leakage_cold_start_N4.json,98513ed32d8be8ecf6f24e47fcb112314b1791e160979b370b858786f24e3385,relaxed_pair_states,Codex cold-start certificate
codex.cold.N4.original_active_states,83,,file:codex-package/leakage_cold_start_N4.json,98513ed32d8be8ecf6f24e47fcb112314b1791e160979b370b858786f24e3385,original_active_states,Codex cold-start certificate
codex.cold.N4.conditional_zero_mean_checks,276,,file:codex-package/leakage_cold_start_N4.json,98513ed32d8be8ecf6f24e47fcb112314b1791e160979b370b858786f24e3385,conditional_zero_mean_checks,Codex cold-start certificate
codex.cold.N4.total_seconds_including_preparation_and_audits,0.0314024998806417,,file:codex-package/leakage_cold_start_N4.json,98513ed32d8be8ecf6f24e47fcb112314b1791e160979b370b858786f24e3385,total_seconds_including_preparation_and_audits,Codex cold-start certificate
codex.cold.N8.LB,953772969/100000000,,file:codex-package/leakage_cold_start_N8.json,d5fa5bb4bf24250074c35bcef4ce191d6971fd6e8f851687a717442202b22ca5,LB,Codex cold-start certificate
codex.cold.N8.UB,953772969/100000000,,file:codex-package/leakage_cold_start_N8.json,d5fa5bb4bf24250074c35bcef4ce191d6971fd6e8f851687a717442202b22ca5,UB,Codex cold-start certificate
codex.cold.N8.relaxed_pair_states,6610,,file:codex-package/leakage_cold_start_N8.json,d5fa5bb4bf24250074c35bcef4ce191d6971fd6e8f851687a717442202b22ca5,relaxed_pair_states,Codex cold-start certificate
codex.cold.N8.original_active_states,1372,,file:codex-package/leakage_cold_start_N8.json,d5fa5bb4bf24250074c35bcef4ce191d6971fd6e8f851687a717442202b22ca5,original_active_states,Codex cold-start certificate
codex.cold.N8.conditional_zero_mean_checks,7244,,file:codex-package/leakage_cold_start_N8.json,d5fa5bb4bf24250074c35bcef4ce191d6971fd6e8f851687a717442202b22ca5,conditional_zero_mean_checks,Codex cold-start certificate
codex.cold.N8.total_seconds_including_preparation_and_audits,0.905512300087139,,file:codex-package/leakage_cold_start_N8.json,d5fa5bb4bf24250074c35bcef4ce191d6971fd6e8f851687a717442202b22ca5,total_seconds_including_preparation_and_audits,Codex cold-start certificate
codex.cold.N12.LB,15734710706799/1000000000000,,file:codex-package/leakage_cold_start_N12.json,6f3864aa68fced46400b4578f960fb06f4c7de4d18bed4266e32f07f1c9c78c8,LB,Codex cold-start certificate
codex.cold.N12.UB,15734710706799/1000000000000,,file:codex-package/leakage_cold_start_N12.json,6f3864aa68fced46400b4578f960fb06f4c7de4d18bed4266e32f07f1c9c78c8,UB,Codex cold-start certificate
codex.cold.N12.relaxed_pair_states,40016,,file:codex-package/leakage_cold_start_N12.json,6f3864aa68fced46400b4578f960fb06f4c7de4d18bed4266e32f07f1c9c78c8,relaxed_pair_states,Codex cold-start certificate
codex.cold.N12.original_active_states,6525,,file:codex-package/leakage_cold_start_N12.json,6f3864aa68fced46400b4578f960fb06f4c7de4d18bed4266e32f07f1c9c78c8,original_active_states,Codex cold-start certificate
codex.cold.N12.conditional_zero_mean_checks,38674,,file:codex-package/leakage_cold_start_N12.json,6f3864aa68fced46400b4578f960fb06f4c7de4d18bed4266e32f07f1c9c78c8,conditional_zero_mean_checks,Codex cold-start certificate
codex.cold.N12.total_seconds_including_preparation_and_audits,12.954640000127256,,file:codex-package/leakage_cold_start_N12.json,6f3864aa68fced46400b4578f960fb06f4c7de4d18bed4266e32f07f1c9c78c8,total_seconds_including_preparation_and_audits,Codex cold-start certificate
codex.cert.N4.penalty_pair_states,262,,file:codex-package/nonanticipativity_results.json,d4c2a9a32f8e7426f28b034bde246d753d49606630f77b34fae7d14a0136df54,models[N=4].penalty_pair_states,Codex LB=UB certificate
codex.cert.N4.martingale_checks,494,,file:codex-package/nonanticipativity_results.json,d4c2a9a32f8e7426f28b034bde246d753d49606630f77b34fae7d14a0136df54,models[N=4].martingale_checks,Codex LB=UB certificate
codex.cert.N4.negative_potential_action_residuals,1,,file:codex-package/nonanticipativity_results.json,d4c2a9a32f8e7426f28b034bde246d753d49606630f77b34fae7d14a0136df54,models[N=4].negative_potential_action_residuals,Codex LB=UB certificate
codex.cert.N4.certified_gap,0,,file:codex-package/nonanticipativity_results.json,d4c2a9a32f8e7426f28b034bde246d753d49606630f77b34fae7d14a0136df54,models[N=4].certified_gap,Codex LB=UB certificate
codex.cert.N8.penalty_pair_states,13907,,file:codex-package/nonanticipativity_results.json,d4c2a9a32f8e7426f28b034bde246d753d49606630f77b34fae7d14a0136df54,models[N=8].penalty_pair_states,Codex LB=UB certificate
codex.cert.N8.martingale_checks,19877,,file:codex-package/nonanticipativity_results.json,d4c2a9a32f8e7426f28b034bde246d753d49606630f77b34fae7d14a0136df54,models[N=8].martingale_checks,Codex LB=UB certificate
codex.cert.N8.negative_potential_action_residuals,56,,file:codex-package/nonanticipativity_results.json,d4c2a9a32f8e7426f28b034bde246d753d49606630f77b34fae7d14a0136df54,models[N=8].negative_potential_action_residuals,Codex LB=UB certificate
codex.cert.N8.certified_gap,0,,file:codex-package/nonanticipativity_results.json,d4c2a9a32f8e7426f28b034bde246d753d49606630f77b34fae7d14a0136df54,models[N=8].certified_gap,Codex LB=UB certificate
codex.cert.N12.penalty_pair_states,362309,,file:codex-package/nonanticipativity_results.json,d4c2a9a32f8e7426f28b034bde246d753d49606630f77b34fae7d14a0136df54,models[N=12].penalty_pair_states,Codex LB=UB certificate
codex.cert.N12.martingale_checks,491437,,file:codex-package/nonanticipativity_results.json,d4c2a9a32f8e7426f28b034bde246d753d49606630f77b34fae7d14a0136df54,models[N=12].martingale_checks,Codex LB=UB certificate
codex.cert.N12.negative_potential_action_residuals,2267,,file:codex-package/nonanticipativity_results.json,d4c2a9a32f8e7426f28b034bde246d753d49606630f77b34fae7d14a0136df54,models[N=12].negative_potential_action_residuals,Codex LB=UB certificate
codex.cert.N12.certified_gap,0,,file:codex-package/nonanticipativity_results.json,d4c2a9a32f8e7426f28b034bde246d753d49606630f77b34fae7d14a0136df54,models[N=12].certified_gap,Codex LB=UB certificate
codex.dd.table.value.strict.nodes,7964,nodes,file:codex-package/structural_compression_results.json,e4e3a1c81f3aa3aa8467cfb8e8d130e9a43ac77a9e832d36f429adc7a85bdb29,original_table_diagrams[N=12] min over orders,decision-diagram size
codex.dd.table.value.strict.bytes,189473,bytes,file:codex-package/structural_compression_results.json,e4e3a1c81f3aa3aa8467cfb8e8d130e9a43ac77a9e832d36f429adc7a85bdb29,original_table_diagrams[N=12] min over orders,decision-diagram bytes
codex.dd.table.value.reachable_only.nodes,5745,nodes,file:codex-package/structural_compression_results.json,e4e3a1c81f3aa3aa8467cfb8e8d130e9a43ac77a9e832d36f429adc7a85bdb29,original_table_diagrams[N=12] min over orders,decision-diagram size
codex.dd.table.value.reachable_only.bytes,154026,bytes,file:codex-package/structural_compression_results.json,e4e3a1c81f3aa3aa8467cfb8e8d130e9a43ac77a9e832d36f429adc7a85bdb29,original_table_diagrams[N=12] min over orders,decision-diagram bytes
codex.dd.table.policy.strict.nodes,1829,nodes,file:codex-package/structural_compression_results.json,e4e3a1c81f3aa3aa8467cfb8e8d130e9a43ac77a9e832d36f429adc7a85bdb29,original_table_diagrams[N=12] min over orders,decision-diagram size
codex.dd.table.policy.strict.bytes,31278,bytes,file:codex-package/structural_compression_results.json,e4e3a1c81f3aa3aa8467cfb8e8d130e9a43ac77a9e832d36f429adc7a85bdb29,original_table_diagrams[N=12] min over orders,decision-diagram bytes
codex.dd.table.policy.reachable_only.nodes,1123,nodes,file:codex-package/structural_compression_results.json,e4e3a1c81f3aa3aa8467cfb8e8d130e9a43ac77a9e832d36f429adc7a85bdb29,original_table_diagrams[N=12] min over orders,decision-diagram size
codex.dd.table.policy.reachable_only.bytes,17543,bytes,file:codex-package/structural_compression_results.json,e4e3a1c81f3aa3aa8467cfb8e8d130e9a43ac77a9e832d36f429adc7a85bdb29,original_table_diagrams[N=12] min over orders,decision-diagram bytes
codex.dd.table.value_terminal_lb,1967,count,file:codex-package/structural_compression_results.json,e4e3a1c81f3aa3aa8467cfb8e8d130e9a43ac77a9e832d36f429adc7a85bdb29,original_table_diagrams[N=12].value_terminal_lower_bound,distinct exact values
codex.dd.quotient.value.strict.nodes,6875,nodes,file:codex-package/structural_compression_results.json,e4e3a1c81f3aa3aa8467cfb8e8d130e9a43ac77a9e832d36f429adc7a85bdb29,quotient_diagrams[N=12] min over orders,decision-diagram size
codex.dd.quotient.value.strict.bytes,154560,bytes,file:codex-package/structural_compression_results.json,e4e3a1c81f3aa3aa8467cfb8e8d130e9a43ac77a9e832d36f429adc7a85bdb29,quotient_diagrams[N=12] min over orders,decision-diagram bytes
codex.dd.quotient.value.reachable_only.nodes,4969,nodes,file:codex-package/structural_compression_results.json,e4e3a1c81f3aa3aa8467cfb8e8d130e9a43ac77a9e832d36f429adc7a85bdb29,quotient_diagrams[N=12] min over orders,decision-diagram size
codex.dd.quotient.value.reachable_only.bytes,126991,bytes,file:codex-package/structural_compression_results.json,e4e3a1c81f3aa3aa8467cfb8e8d130e9a43ac77a9e832d36f429adc7a85bdb29,quotient_diagrams[N=12] min over orders,decision-diagram bytes
codex.dd.quotient.policy.strict.nodes,821,nodes,file:codex-package/structural_compression_results.json,e4e3a1c81f3aa3aa8467cfb8e8d130e9a43ac77a9e832d36f429adc7a85bdb29,quotient_diagrams[N=12] min over orders,decision-diagram size
codex.dd.quotient.policy.strict.bytes,13332,bytes,file:codex-package/structural_compression_results.json,e4e3a1c81f3aa3aa8467cfb8e8d130e9a43ac77a9e832d36f429adc7a85bdb29,quotient_diagrams[N=12] min over orders,decision-diagram bytes
codex.dd.quotient.policy.reachable_only.nodes,527,nodes,file:codex-package/structural_compression_results.json,e4e3a1c81f3aa3aa8467cfb8e8d130e9a43ac77a9e832d36f429adc7a85bdb29,quotient_diagrams[N=12] min over orders,decision-diagram size
codex.dd.quotient.policy.reachable_only.bytes,8815,bytes,file:codex-package/structural_compression_results.json,e4e3a1c81f3aa3aa8467cfb8e8d130e9a43ac77a9e832d36f429adc7a85bdb29,quotient_diagrams[N=12] min over orders,decision-diagram bytes
codex.quot.N4.states,50,count,file:codex-package/structural_compression_results.json,e4e3a1c81f3aa3aa8467cfb8e8d130e9a43ac77a9e832d36f429adc7a85bdb29,quotients.new_active_planning_states,symmetry quotient states
codex.quot.N4.old,83,count,file:codex-package/structural_compression_results.json,e4e3a1c81f3aa3aa8467cfb8e8d130e9a43ac77a9e832d36f429adc7a85bdb29,quotients.old_active_states_checked,old active states
codex.quot.N8.states,613,count,file:codex-package/structural_compression_results.json,e4e3a1c81f3aa3aa8467cfb8e8d130e9a43ac77a9e832d36f429adc7a85bdb29,quotients.new_active_planning_states,symmetry quotient states
codex.quot.N8.old,1372,count,file:codex-package/structural_compression_results.json,e4e3a1c81f3aa3aa8467cfb8e8d130e9a43ac77a9e832d36f429adc7a85bdb29,quotients.old_active_states_checked,old active states
codex.quot.N12.states,4962,count,file:codex-package/structural_compression_results.json,e4e3a1c81f3aa3aa8467cfb8e8d130e9a43ac77a9e832d36f429adc7a85bdb29,quotients.new_active_planning_states,symmetry quotient states
codex.quot.N12.old,6525,count,file:codex-package/structural_compression_results.json,e4e3a1c81f3aa3aa8467cfb8e8d130e9a43ac77a9e832d36f429adc7a85bdb29,quotients.old_active_states_checked,old active states
par.qa2.n,250,,file:llmzip-work/review_transfer/certificate_memory_longmemeval_retry_v2/a1_qa/or_run2/verdicts.json,0a578eefef23fa3ce111bc0a12e1e77d3f8ed89aba7c064cc3b10d7cdafc1464,recomputed from verdicts,QA run 2 (gpt-5-mini reader)
par.qa2.B1c,206,,file:llmzip-work/review_transfer/certificate_memory_longmemeval_retry_v2/a1_qa/or_run2/verdicts.json,0a578eefef23fa3ce111bc0a12e1e77d3f8ed89aba7c064cc3b10d7cdafc1464,recomputed from verdicts,QA run 2 (gpt-5-mini reader)
par.qa2.ORACLE,221,,file:llmzip-work/review_transfer/certificate_memory_longmemeval_retry_v2/a1_qa/or_run2/verdicts.json,0a578eefef23fa3ce111bc0a12e1e77d3f8ed89aba7c064cc3b10d7cdafc1464,recomputed from verdicts,QA run 2 (gpt-5-mini reader)
par.qa2.improved,28,,file:llmzip-work/review_transfer/certificate_memory_longmemeval_retry_v2/a1_qa/or_run2/verdicts.json,0a578eefef23fa3ce111bc0a12e1e77d3f8ed89aba7c064cc3b10d7cdafc1464,recomputed from verdicts,QA run 2 (gpt-5-mini reader)
par.qa2.worsened,13,,file:llmzip-work/review_transfer/certificate_memory_longmemeval_retry_v2/a1_qa/or_run2/verdicts.json,0a578eefef23fa3ce111bc0a12e1e77d3f8ed89aba7c064cc3b10d7cdafc1464,recomputed from verdicts,QA run 2 (gpt-5-mini reader)
par.qa2.p,0.027533155829587486,,file:llmzip-work/review_transfer/certificate_memory_longmemeval_retry_v2/a1_qa/or_run2/verdicts.json,0a578eefef23fa3ce111bc0a12e1e77d3f8ed89aba7c064cc3b10d7cdafc1464,recomputed from verdicts,QA run 2 (gpt-5-mini reader)
par.qa1.B0,136,,file:llmzip-work/review_transfer/certificate_memory_longmemeval_retry_v2/a1_qa/or_run/verdicts.json,c952193f124fa76fcb6f28106a781cc0f08ddfe9107bd1bcc34616fccc530409,recomputed from verdicts,QA run 1 (weak reader)
par.qa1.B1c,138,,file:llmzip-work/review_transfer/certificate_memory_longmemeval_retry_v2/a1_qa/or_run/verdicts.json,c952193f124fa76fcb6f28106a781cc0f08ddfe9107bd1bcc34616fccc530409,recomputed from verdicts,QA run 1 (weak reader)
par.qa1.ORACLE,139,,file:llmzip-work/review_transfer/certificate_memory_longmemeval_retry_v2/a1_qa/or_run/verdicts.json,c952193f124fa76fcb6f28106a781cc0f08ddfe9107bd1bcc34616fccc530409,recomputed from verdicts,QA run 1 (weak reader)
par.qa1.p,0.79052734375,,file:llmzip-work/review_transfer/certificate_memory_longmemeval_retry_v2/a1_qa/or_run/verdicts.json,c952193f124fa76fcb6f28106a781cc0f08ddfe9107bd1bcc34616fccc530409,recomputed from verdicts,QA run 1 (weak reader)
par.qa2.allgold_correct,183/198,frac,file:llmzip-work/review_transfer/certificate_memory_longmemeval_retry_v2/a1_qa/RESULTS_A1_OR2.md,d5a78c0a34b0739fa6c85435c45fbfb23040d6666a4db715d4f26c39f7d47345,text,reader correct when all gold in top-5
par.qa2.allgold_pct,92,%,file:llmzip-work/review_transfer/certificate_memory_longmemeval_retry_v2/a1_qa/RESULTS_A1_OR2.md,d5a78c0a34b0739fa6c85435c45fbfb23040d6666a4db715d4f26c39f7d47345,text,
par.qa2.missing_correct,7/32,frac,file:llmzip-work/review_transfer/certificate_memory_longmemeval_retry_v2/a1_qa/RESULTS_A1_OR2.md,d5a78c0a34b0739fa6c85435c45fbfb23040d6666a4db715d4f26c39f7d47345,text,reader correct when gold missing
par.qa2.missing_pct,22,%,file:llmzip-work/review_transfer/certificate_memory_longmemeval_retry_v2/a1_qa/RESULTS_A1_OR2.md,d5a78c0a34b0739fa6c85435c45fbfb23040d6666a4db715d4f26c39f7d47345,text,
par.stem.all5,192->198,of 230,file:llmzip-work/review_transfer/certificate_memory_longmemeval_retry_v2/headroom/stem_development.json,dd244edf899541e1288d0ab03aabc749c166beb7f84ed66c0f71eb7b5874c1da,summary.all_dev.all5,stemming all-gold@5
par.stem.p,0.109375,p,file:llmzip-work/review_transfer/certificate_memory_longmemeval_retry_v2/headroom/stem_development.json,dd244edf899541e1288d0ab03aabc749c166beb7f84ed66c0f71eb7b5874c1da,summary.all_dev.all5_exact_mcnemar_p,
par.stemcache.speedup,8.2,x,file:llmzip-work/review_transfer/certificate_memory_longmemeval_retry_v2/headroom/RESULTS_STEMCACHE.md,74c84c0e3951720e9c29907e5ba69c65223ea3573f07e010ba6b24112ce70dd3,text,cached stemming speed-up
par.audit.instance_vocab,17,of 27,file:llmzip-work/review_transfer/certificate_memory_longmemeval_retry_v2/headroom/AUDIT24_REPORT.md,52aae5b543aa509f97d3ba23d5ecfa761796e559b0ed84c17cb80698cacea4c9,text,primary cause among missed pairs
par.audit.no_flag_pct,5.4,%,file:llmzip-work/review_transfer/certificate_memory_longmemeval_retry_v2/headroom/AUDIT24_REPORT.md,52aae5b543aa509f97d3ba23d5ecfa761796e559b0ed84c17cb80698cacea4c9,text,gold sessions lacking has_answer
par.qexp_dev.qa,206->212,of 250,file:llmzip-work/review_transfer/certificate_memory_longmemeval_retry_v2/qexp/qexp_qa.json,4c162874f26ca173ffca59c0ef992641cfbfa8389852ae7a744bfb9e4f3bb537,summary,"query expansion QA, dev"
par.qexp_dev.p,0.30745625495910645,p,file:llmzip-work/review_transfer/certificate_memory_longmemeval_retry_v2/qexp/qexp_qa.json,4c162874f26ca173ffca59c0ef992641cfbfa8389852ae7a744bfb9e4f3bb537,summary.mcnemar_p,
par.qexp_dev.all5_p,0.03515625,p,file:llmzip-work/review_transfer/certificate_memory_longmemeval_retry_v2/qexp/qexp_retrieval.json,963fb4b58e0d8220c2e7a59dfc2efea8b2ac45b762badc25d95791381431f3fa,summary.all5_mcnemar_p,"query expansion retrieval, dev"
par.qexp_ho.qa,207->205,of 250,file:llmzip-work/review_transfer/certificate_memory_longmemeval_retry_v2/qexp_holdout/result.json,6e7c63ba2f0a7e2e6ee918dde9df8556a3bda729f694c44ae021a5b164bcdbb5,summary.QA_correct,"query expansion QA, held-out"
par.qexp_ho.iw,11/13,,file:llmzip-work/review_transfer/certificate_memory_longmemeval_retry_v2/qexp_holdout/result.json,6e7c63ba2f0a7e2e6ee918dde9df8556a3bda729f694c44ae021a5b164bcdbb5,summary.QA_improved_worsened,
par.qexp_ho.p,0.8388197422027588,p,file:llmzip-work/review_transfer/certificate_memory_longmemeval_retry_v2/qexp_holdout/result.json,6e7c63ba2f0a7e2e6ee918dde9df8556a3bda729f694c44ae021a5b164bcdbb5,summary.QA_mcnemar_p,
par.qexp_ho.all5,207->216,of 240,file:llmzip-work/review_transfer/certificate_memory_longmemeval_retry_v2/qexp_holdout/result.json,6e7c63ba2f0a7e2e6ee918dde9df8556a3bda729f694c44ae021a5b164bcdbb5,summary.retrieval,
par.qexp_ho.all5_p,0.0783538818359375,p,file:llmzip-work/review_transfer/certificate_memory_longmemeval_retry_v2/qexp_holdout/result.json,6e7c63ba2f0a7e2e6ee918dde9df8556a3bda729f694c44ae021a5b164bcdbb5,summary.retrieval_all5_p,
par.qexp_ho.usd,1.8396,USD,file:llmzip-work/review_transfer/certificate_memory_longmemeval_retry_v2/qexp_holdout/result.json,6e7c63ba2f0a7e2e6ee918dde9df8556a3bda729f694c44ae021a5b164bcdbb5,summary.usd,cost
par.split.discovery,150,count,file:llmzip-work/review_transfer/certificate_memory_longmemeval_retry_v2/headroom/SPLIT_V1.json,782157d8a57cda51116ecf0b7b9988db5d8be9fff1eff930a7d2f50163d5ca25,discovery,LongMemEval-S split size
par.split.development,250,count,file:llmzip-work/review_transfer/certificate_memory_longmemeval_retry_v2/headroom/SPLIT_V1.json,782157d8a57cda51116ecf0b7b9988db5d8be9fff1eff930a7d2f50163d5ca25,development,LongMemEval-S split size
par.split.final_locked,100,count,file:llmzip-work/review_transfer/certificate_memory_longmemeval_retry_v2/headroom/SPLIT_V1.json,782157d8a57cda51116ecf0b7b9988db5d8be9fff1eff930a7d2f50163d5ca25,final_locked,LongMemEval-S split size
par.split.overlap.discovery,143,count,file:llmzip-work/review_transfer/certificate_memory_longmemeval_retry_v2/headroom/SPLIT_V1.json,782157d8a57cda51116ecf0b7b9988db5d8be9fff1eff930a7d2f50163d5ca25,derived,overlap with this pilot's 470
par.split.overlap.development,230,count,file:llmzip-work/review_transfer/certificate_memory_longmemeval_retry_v2/headroom/SPLIT_V1.json,782157d8a57cda51116ecf0b7b9988db5d8be9fff1eff930a7d2f50163d5ca25,derived,overlap with this pilot's 470
par.split.overlap.final_locked,97,count,file:llmzip-work/review_transfer/certificate_memory_longmemeval_retry_v2/headroom/SPLIT_V1.json,782157d8a57cda51116ecf0b7b9988db5d8be9fff1eff930a7d2f50163d5ca25,derived,overlap with this pilot's 470
ladder.BM25_coarse/-.hit10,55.319148936170215,pp,artifact:22592fd4-2b70-4d2b-9ce4-3a60ee7ad19d,343835248c042170ddf434f929b6f2dd2b01abdd8e79964357a31f78ec042c19,records[arm=BM25_coarse/-].hit,RealTalk ladder level
ladder.BM25_coarse/-.fr3,33.90536032753278,pp,artifact:22592fd4-2b70-4d2b-9ce4-3a60ee7ad19d,343835248c042170ddf434f929b6f2dd2b01abdd8e79964357a31f78ec042c19,records[arm=BM25_coarse/-].fr3,RealTalk ladder level
ladder.BM25_frozen/-.hit10,61.702127659574465,pp,artifact:22592fd4-2b70-4d2b-9ce4-3a60ee7ad19d,343835248c042170ddf434f929b6f2dd2b01abdd8e79964357a31f78ec042c19,records[arm=BM25_frozen/-].hit,RealTalk ladder level
ladder.BM25_frozen/-.fr3,36.048330044970584,pp,artifact:22592fd4-2b70-4d2b-9ce4-3a60ee7ad19d,343835248c042170ddf434f929b6f2dd2b01abdd8e79964357a31f78ec042c19,records[arm=BM25_frozen/-].fr3,RealTalk ladder level
ladder.NOPROJ_FULL/float.hit10,47.801418439716315,pp,artifact:22592fd4-2b70-4d2b-9ce4-3a60ee7ad19d,343835248c042170ddf434f929b6f2dd2b01abdd8e79964357a31f78ec042c19,records[arm=NOPROJ_FULL/float].hit,RealTalk ladder level
ladder.NOPROJ_FULL/float.fr3,28.068030596586024,pp,artifact:22592fd4-2b70-4d2b-9ce4-3a60ee7ad19d,343835248c042170ddf434f929b6f2dd2b01abdd8e79964357a31f78ec042c19,records[arm=NOPROJ_FULL/float].fr3,RealTalk ladder level
ladder.NOPROJ_FULL/qscale.hit10,63.97163120567376,pp,artifact:22592fd4-2b70-4d2b-9ce4-3a60ee7ad19d,343835248c042170ddf434f929b6f2dd2b01abdd8e79964357a31f78ec042c19,records[arm=NOPROJ_FULL/qscale].hit,RealTalk ladder level
ladder.NOPROJ_FULL/qscale.fr3,38.61778856123762,pp,artifact:22592fd4-2b70-4d2b-9ce4-3a60ee7ad19d,343835248c042170ddf434f929b6f2dd2b01abdd8e79964357a31f78ec042c19,records[arm=NOPROJ_FULL/qscale].fr3,RealTalk ladder level
ladder.NOPROJ_FULL/sym.hit10,7.9432624113475185,pp,artifact:22592fd4-2b70-4d2b-9ce4-3a60ee7ad19d,343835248c042170ddf434f929b6f2dd2b01abdd8e79964357a31f78ec042c19,records[arm=NOPROJ_FULL/sym].hit,RealTalk ladder level
ladder.NOPROJ_FULL/sym.fr3,4.901082493467712,pp,artifact:22592fd4-2b70-4d2b-9ce4-3a60ee7ad19d,343835248c042170ddf434f929b6f2dd2b01abdd8e79964357a31f78ec042c19,records[arm=NOPROJ_FULL/sym].fr3,RealTalk ladder level
ladder.NOPROJ_WORD/float.hit10,56.02836879432624,pp,artifact:22592fd4-2b70-4d2b-9ce4-3a60ee7ad19d,343835248c042170ddf434f929b6f2dd2b01abdd8e79964357a31f78ec042c19,records[arm=NOPROJ_WORD/float].hit,RealTalk ladder level
ladder.NOPROJ_WORD/float.fr3,31.19287580653762,pp,artifact:22592fd4-2b70-4d2b-9ce4-3a60ee7ad19d,343835248c042170ddf434f929b6f2dd2b01abdd8e79964357a31f78ec042c19,records[arm=NOPROJ_WORD/float].fr3,RealTalk ladder level
ladder.NOPROJ_WORD/qscale.hit10,59.57446808510638,pp,artifact:22592fd4-2b70-4d2b-9ce4-3a60ee7ad19d,343835248c042170ddf434f929b6f2dd2b01abdd8e79964357a31f78ec042c19,records[arm=NOPROJ_WORD/qscale].hit,RealTalk ladder level
ladder.NOPROJ_WORD/qscale.fr3,35.728955959639045,pp,artifact:22592fd4-2b70-4d2b-9ce4-3a60ee7ad19d,343835248c042170ddf434f929b6f2dd2b01abdd8e79964357a31f78ec042c19,records[arm=NOPROJ_WORD/qscale].fr3,RealTalk ladder level
ladder.NOPROJ_WORD/sym.hit10,2.8368794326241136,pp,artifact:22592fd4-2b70-4d2b-9ce4-3a60ee7ad19d,343835248c042170ddf434f929b6f2dd2b01abdd8e79964357a31f78ec042c19,records[arm=NOPROJ_WORD/sym].hit,RealTalk ladder level
ladder.NOPROJ_WORD/sym.fr3,1.4623438027693345,pp,artifact:22592fd4-2b70-4d2b-9ce4-3a60ee7ad19d,343835248c042170ddf434f929b6f2dd2b01abdd8e79964357a31f78ec042c19,records[arm=NOPROJ_WORD/sym].fr3,RealTalk ladder level
ladder.k192/float.hit10,40.42553191489361,pp,artifact:22592fd4-2b70-4d2b-9ce4-3a60ee7ad19d,343835248c042170ddf434f929b6f2dd2b01abdd8e79964357a31f78ec042c19,records[arm=k192/float].hit,RealTalk ladder level
ladder.k192/float.fr3,19.737849351511166,pp,artifact:22592fd4-2b70-4d2b-9ce4-3a60ee7ad19d,343835248c042170ddf434f929b6f2dd2b01abdd8e79964357a31f78ec042c19,records[arm=k192/float].fr3,RealTalk ladder level
ladder.k192/qscale.hit10,55.319148936170215,pp,artifact:22592fd4-2b70-4d2b-9ce4-3a60ee7ad19d,343835248c042170ddf434f929b6f2dd2b01abdd8e79964357a31f78ec042c19,records[arm=k192/qscale].hit,RealTalk ladder level
ladder.k192/qscale.fr3,29.753440930932534,pp,artifact:22592fd4-2b70-4d2b-9ce4-3a60ee7ad19d,343835248c042170ddf434f929b6f2dd2b01abdd8e79964357a31f78ec042c19,records[arm=k192/qscale].fr3,RealTalk ladder level
ladder.k192/sym.hit10,51.77304964539007,pp,artifact:22592fd4-2b70-4d2b-9ce4-3a60ee7ad19d,343835248c042170ddf434f929b6f2dd2b01abdd8e79964357a31f78ec042c19,records[arm=k192/sym].hit,RealTalk ladder level
ladder.k192/sym.fr3,28.561388696327107,pp,artifact:22592fd4-2b70-4d2b-9ce4-3a60ee7ad19d,343835248c042170ddf434f929b6f2dd2b01abdd8e79964357a31f78ec042c19,records[arm=k192/sym].fr3,RealTalk ladder level
ladder.k384/float.hit10,43.68794326241135,pp,artifact:22592fd4-2b70-4d2b-9ce4-3a60ee7ad19d,343835248c042170ddf434f929b6f2dd2b01abdd8e79964357a31f78ec042c19,records[arm=k384/float].hit,RealTalk ladder level
ladder.k384/float.fr3,24.301904287906524,pp,artifact:22592fd4-2b70-4d2b-9ce4-3a60ee7ad19d,343835248c042170ddf434f929b6f2dd2b01abdd8e79964357a31f78ec042c19,records[arm=k384/float].fr3,RealTalk ladder level
ladder.k384/qscale.hit10,57.87234042553191,pp,artifact:22592fd4-2b70-4d2b-9ce4-3a60ee7ad19d,343835248c042170ddf434f929b6f2dd2b01abdd8e79964357a31f78ec042c19,records[arm=k384/qscale].hit,RealTalk ladder level
ladder.k384/qscale.fr3,32.79194143751815,pp,artifact:22592fd4-2b70-4d2b-9ce4-3a60ee7ad19d,343835248c042170ddf434f929b6f2dd2b01abdd8e79964357a31f78ec042c19,records[arm=k384/qscale].fr3,RealTalk ladder level
ladder.k384/sym.hit10,54.184397163120565,pp,artifact:22592fd4-2b70-4d2b-9ce4-3a60ee7ad19d,343835248c042170ddf434f929b6f2dd2b01abdd8e79964357a31f78ec042c19,records[arm=k384/sym].hit,RealTalk ladder level
ladder.k384/sym.fr3,31.483599661091255,pp,artifact:22592fd4-2b70-4d2b-9ce4-3a60ee7ad19d,343835248c042170ddf434f929b6f2dd2b01abdd8e79964357a31f78ec042c19,records[arm=k384/sym].fr3,RealTalk ladder level
ladder.k96/float.hit10,36.59574468085106,pp,artifact:22592fd4-2b70-4d2b-9ce4-3a60ee7ad19d,343835248c042170ddf434f929b6f2dd2b01abdd8e79964357a31f78ec042c19,records[arm=k96/float].hit,RealTalk ladder level
ladder.k96/float.fr3,17.253405381064958,pp,artifact:22592fd4-2b70-4d2b-9ce4-3a60ee7ad19d,343835248c042170ddf434f929b6f2dd2b01abdd8e79964357a31f78ec042c19,records[arm=k96/float].fr3,RealTalk ladder level
ladder.k96/qscale.hit10,49.645390070921984,pp,artifact:22592fd4-2b70-4d2b-9ce4-3a60ee7ad19d,343835248c042170ddf434f929b6f2dd2b01abdd8e79964357a31f78ec042c19,records[arm=k96/qscale].hit,RealTalk ladder level
ladder.k96/qscale.fr3,22.409863310759164,pp,artifact:22592fd4-2b70-4d2b-9ce4-3a60ee7ad19d,343835248c042170ddf434f929b6f2dd2b01abdd8e79964357a31f78ec042c19,records[arm=k96/qscale].fr3,RealTalk ladder level
ladder.k96/sym.hit10,46.52482269503546,pp,artifact:22592fd4-2b70-4d2b-9ce4-3a60ee7ad19d,343835248c042170ddf434f929b6f2dd2b01abdd8e79964357a31f78ec042c19,records[arm=k96/sym].hit,RealTalk ladder level
ladder.k96/sym.fr3,22.867556005853874,pp,artifact:22592fd4-2b70-4d2b-9ce4-3a60ee7ad19d,343835248c042170ddf434f929b6f2dd2b01abdd8e79964357a31f78ec042c19,records[arm=k96/sym].fr3,RealTalk ladder level
ladder.diff.NOPROJ_FULL/qscale-vs-BM25_frozen/-.hit10,2.269503546099291,pp,artifact:22592fd4-2b70-4d2b-9ce4-3a60ee7ad19d,343835248c042170ddf434f929b6f2dd2b01abdd8e79964357a31f78ec042c19,"recomputed, paired archive-clustered, 20000, seed 20260924","descriptive, not gated"
ladder.diff.NOPROJ_FULL/qscale-vs-BM25_frozen/-.hit10.lo,-0.7003292890189783,pp,artifact:22592fd4-2b70-4d2b-9ce4-3a60ee7ad19d,343835248c042170ddf434f929b6f2dd2b01abdd8e79964357a31f78ec042c19,recomputed,95% lower
ladder.diff.NOPROJ_FULL/qscale-vs-BM25_frozen/-.hit10.hi,5.444180260003723,pp,artifact:22592fd4-2b70-4d2b-9ce4-3a60ee7ad19d,343835248c042170ddf434f929b6f2dd2b01abdd8e79964357a31f78ec042c19,recomputed,95% upper
ladder.diff.NOPROJ_FULL/qscale-vs-BM25_frozen/-.fr3,2.569458516267027,pp,artifact:22592fd4-2b70-4d2b-9ce4-3a60ee7ad19d,343835248c042170ddf434f929b6f2dd2b01abdd8e79964357a31f78ec042c19,"recomputed, paired archive-clustered, 20000, seed 20260924","descriptive, not gated"
ladder.diff.NOPROJ_FULL/qscale-vs-BM25_frozen/-.fr3.lo,0.6509435773745276,pp,artifact:22592fd4-2b70-4d2b-9ce4-3a60ee7ad19d,343835248c042170ddf434f929b6f2dd2b01abdd8e79964357a31f78ec042c19,recomputed,95% lower
ladder.diff.NOPROJ_FULL/qscale-vs-BM25_frozen/-.fr3.hi,4.130133518935602,pp,artifact:22592fd4-2b70-4d2b-9ce4-3a60ee7ad19d,343835248c042170ddf434f929b6f2dd2b01abdd8e79964357a31f78ec042c19,recomputed,95% upper
ladder.diff.NOPROJ_FULL/qscale-vs-BM25_coarse/-.hit10,8.652482269503546,pp,artifact:22592fd4-2b70-4d2b-9ce4-3a60ee7ad19d,343835248c042170ddf434f929b6f2dd2b01abdd8e79964357a31f78ec042c19,"recomputed, paired archive-clustered, 20000, seed 20260924","descriptive, not gated"
ladder.diff.NOPROJ_FULL/qscale-vs-BM25_coarse/-.hit10.lo,6.469671012975477,pp,artifact:22592fd4-2b70-4d2b-9ce4-3a60ee7ad19d,343835248c042170ddf434f929b6f2dd2b01abdd8e79964357a31f78ec042c19,recomputed,95% lower
ladder.diff.NOPROJ_FULL/qscale-vs-BM25_coarse/-.hit10.hi,10.953058321479373,pp,artifact:22592fd4-2b70-4d2b-9ce4-3a60ee7ad19d,343835248c042170ddf434f929b6f2dd2b01abdd8e79964357a31f78ec042c19,recomputed,95% upper
ladder.diff.NOPROJ_FULL/qscale-vs-BM25_coarse/-.fr3,4.712428233704829,pp,artifact:22592fd4-2b70-4d2b-9ce4-3a60ee7ad19d,343835248c042170ddf434f929b6f2dd2b01abdd8e79964357a31f78ec042c19,"recomputed, paired archive-clustered, 20000, seed 20260924","descriptive, not gated"
ladder.diff.NOPROJ_FULL/qscale-vs-BM25_coarse/-.fr3.lo,3.086993509199287,pp,artifact:22592fd4-2b70-4d2b-9ce4-3a60ee7ad19d,343835248c042170ddf434f929b6f2dd2b01abdd8e79964357a31f78ec042c19,recomputed,95% lower
ladder.diff.NOPROJ_FULL/qscale-vs-BM25_coarse/-.fr3.hi,6.835499062013699,pp,artifact:22592fd4-2b70-4d2b-9ce4-3a60ee7ad19d,343835248c042170ddf434f929b6f2dd2b01abdd8e79964357a31f78ec042c19,recomputed,95% upper
ladder.diff.NOPROJ_WORD/float-vs-NOPROJ_FULL/float.hit10,8.22695035460993,pp,artifact:22592fd4-2b70-4d2b-9ce4-3a60ee7ad19d,343835248c042170ddf434f929b6f2dd2b01abdd8e79964357a31f78ec042c19,"recomputed, paired archive-clustered, 20000, seed 20260924","descriptive, not gated"
ladder.diff.NOPROJ_WORD/float-vs-NOPROJ_FULL/float.hit10.lo,2.8493797523648268,pp,artifact:22592fd4-2b70-4d2b-9ce4-3a60ee7ad19d,343835248c042170ddf434f929b6f2dd2b01abdd8e79964357a31f78ec042c19,recomputed,95% lower
ladder.diff.NOPROJ_WORD/float-vs-NOPROJ_FULL/float.hit10.hi,13.798246605998182,pp,artifact:22592fd4-2b70-4d2b-9ce4-3a60ee7ad19d,343835248c042170ddf434f929b6f2dd2b01abdd8e79964357a31f78ec042c19,recomputed,95% upper
ladder.diff.NOPROJ_WORD/float-vs-NOPROJ_FULL/float.fr3,3.1248452099515927,pp,artifact:22592fd4-2b70-4d2b-9ce4-3a60ee7ad19d,343835248c042170ddf434f929b6f2dd2b01abdd8e79964357a31f78ec042c19,"recomputed, paired archive-clustered, 20000, seed 20260924","descriptive, not gated"
ladder.diff.NOPROJ_WORD/float-vs-NOPROJ_FULL/float.fr3.lo,0.08211769260549748,pp,artifact:22592fd4-2b70-4d2b-9ce4-3a60ee7ad19d,343835248c042170ddf434f929b6f2dd2b01abdd8e79964357a31f78ec042c19,recomputed,95% lower
ladder.diff.NOPROJ_WORD/float-vs-NOPROJ_FULL/float.fr3.hi,6.165938738371005,pp,artifact:22592fd4-2b70-4d2b-9ce4-3a60ee7ad19d,343835248c042170ddf434f929b6f2dd2b01abdd8e79964357a31f78ec042c19,recomputed,95% upper
gate.c1.min_pp,2.0,pp,file:llmzip/repro/C1_FIRST_REAL_EVALUATION_2026-09-20.md,51a5a8def655ebd1996433ad7cbc61ab8d10737c683ff72261a4b479a1668b9d,declared text /Δ FR@3 ≥ 2/.0 pp/,C1 declared minimum effect
gate.c1.ci,95,%,file:llmzip/repro/C1_FIRST_REAL_EVALUATION_2026-09-20.md,51a5a8def655ebd1996433ad7cbc61ab8d10737c683ff72261a4b479a1668b9d,declared text /95 % CI excludes 0/,C1 interval level
gate.c3.min_pp,1.0,pp,file:llmzip/research_top10_comparison_2026_09_16/coordinator/decision_tests.py,8979bf395f7b2cad68318f731d22118a156379525f3dbfdcd1aa6766a1e394d1,"declared text />= /+1/.0 pp FR@3, CI excluding 0/",C3 declared minimum effect
gate.vocab.latency_max,1.25,x,file:llmzip/repro/VOCAB_COMPACTION_2026-09-21.md,cfb37826383c168e3a706ccb915dd75bf070dd0b92209786b015a5703078a212,declared text /at most 1/.25×/,vocab compaction latency ceiling
gate.fusion.min_cut_pct,5,%,file:llmzip/repro/SELECTIVE_FUSION_2026-09-23.md,5a8acdae74473674c075b99376fd8cfe69acd3ff7fea9a1545ec00aaea1dd913,declared text /en az %5 düşüş/,"fusion primary minimum E[T] cut, LoCoMo"
gate.fusion.ci,97.5,%,file:llmzip/repro/SELECTIVE_FUSION_2026-09-23.md,5a8acdae74473674c075b99376fd8cfe69acd3ff7fea9a1545ec00aaea1dd913,"declared text /%97,5/","fusion interval level (Bonferroni, two arms)"
gate.fusion.margin_pp,-1.0,pp,file:llmzip/repro/SELECTIVE_FUSION_2026-09-23.md,5a8acdae74473674c075b99376fd8cfe69acd3ff7fea9a1545ec00aaea1dd913,"declared text /−1,0 pp/",fusion FR@3 non-inferiority margin
gate.fusion.reps,20000,reps,file:llmzip/repro/SELECTIVE_FUSION_2026-09-23.md,5a8acdae74473674c075b99376fd8cfe69acd3ff7fea9a1545ec00aaea1dd913,declared text /20/.000 tekrar/,fusion bootstrap replicates
gate.c3.LME.delta,-0.3297872340425556,pp,derived,,"rerank qscale96->BM25 minus BM25_full, FR@3",C3 point estimate
gate.c3.PerLTQA.delta,0.3283372322018252,pp,derived,,"rerank qscale96->BM25 minus BM25_full, FR@3",C3 point estimate
gate.c3.LoCoMo.delta,1.0652399431359705,pp,derived,,"rerank qscale96->BM25 minus BM25_full, FR@3",C3 point estimate
rrf16.locomo.fr3,-4.790413233697388,pp,file:llmzip/research_twelve_byte_pilot_2026_09_15/results/BM25.json,3d82fd0b1b1259417e15d88510028dd05c8c5c85161d2d871745b4c743f8a1e9,benchmarks.locomo.contrasts.fr3:bm25_rrf_sym-bm25,"unweighted RRF vs BM25, 2026-09-16"
rrf16.locomo.fr3.lo,-7.175938377382905,pp,file:llmzip/research_twelve_byte_pilot_2026_09_15/results/BM25.json,3d82fd0b1b1259417e15d88510028dd05c8c5c85161d2d871745b4c743f8a1e9,ci95[0],95% lower
rrf16.locomo.fr3.hi,-2.3395180272969145,pp,file:llmzip/research_twelve_byte_pilot_2026_09_15/results/BM25.json,3d82fd0b1b1259417e15d88510028dd05c8c5c85161d2d871745b4c743f8a1e9,ci95[1],95% upper
rrf16.locomo.hit10,-2.3127035830618894,pp,file:llmzip/research_twelve_byte_pilot_2026_09_15/results/BM25.json,3d82fd0b1b1259417e15d88510028dd05c8c5c85161d2d871745b4c743f8a1e9,benchmarks.locomo.contrasts.hit10:bm25_rrf_sym-bm25,"unweighted RRF vs BM25, 2026-09-16"
rrf16.locomo.hit10.lo,-4.453845328629956,pp,file:llmzip/research_twelve_byte_pilot_2026_09_15/results/BM25.json,3d82fd0b1b1259417e15d88510028dd05c8c5c85161d2d871745b4c743f8a1e9,ci95[0],95% lower
rrf16.locomo.hit10.hi,-0.2707918357955293,pp,file:llmzip/research_twelve_byte_pilot_2026_09_15/results/BM25.json,3d82fd0b1b1259417e15d88510028dd05c8c5c85161d2d871745b4c743f8a1e9,ci95[1],95% upper
rrf16.locomo.level.bm25.fr3,37.66724010697953,%,file:llmzip/research_twelve_byte_pilot_2026_09_15/results/BM25.json,3d82fd0b1b1259417e15d88510028dd05c8c5c85161d2d871745b4c743f8a1e9,levels.fr3.bm25,2026-09-16 pilot configuration
rrf16.locomo.level.bm25_rrf_sym.fr3,32.876826873282134,%,file:llmzip/research_twelve_byte_pilot_2026_09_15/results/BM25.json,3d82fd0b1b1259417e15d88510028dd05c8c5c85161d2d871745b4c743f8a1e9,levels.fr3.bm25_rrf_sym,2026-09-16 pilot configuration
policy.gap_to_bm25,12.033224755700324,docs,derived,,policy.code.static - policy.bm25.static,"E[T] gap, code vs BM25"
policy.gap_to_floor,74.20065146579805,docs,derived,,policy.code.static - reach.floor,"E[T] gap, code vs 96-bit floor"
policy.closed_bm25_pct,9.66379730388174,%,derived,,,share of gap to BM25 closed
policy.closed_floor_pct,1.5671916978349014,%,derived,,,share of gap to floor closed
sup.entries,20,count,file:llmzip/research_top10_comparison_2026_09_16/SUPERSESSION_LEDGER_2026-09-17.json,c92039e07185f81287b182a451ac40ed67025a1e566bf969a4b09425161e5267,len(claims),programme supersession entries
sup.status.CLOSED_FOR_RANK_BASED_METRICS,1,count,file:llmzip/research_top10_comparison_2026_09_16/SUPERSESSION_LEDGER_2026-09-17.json,c92039e07185f81287b182a451ac40ed67025a1e566bf969a4b09425161e5267,claims[].current_status,entries with this status
sup.status.CORRECTED,2,count,file:llmzip/research_top10_comparison_2026_09_16/SUPERSESSION_LEDGER_2026-09-17.json,c92039e07185f81287b182a451ac40ed67025a1e566bf969a4b09425161e5267,claims[].current_status,entries with this status
sup.status.DATA_DEFECT,1,count,file:llmzip/research_top10_comparison_2026_09_16/SUPERSESSION_LEDGER_2026-09-17.json,c92039e07185f81287b182a451ac40ed67025a1e566bf969a4b09425161e5267,claims[].current_status,entries with this status
sup.status.DEFECTIVE,1,count,file:llmzip/research_top10_comparison_2026_09_16/SUPERSESSION_LEDGER_2026-09-17.json,c92039e07185f81287b182a451ac40ed67025a1e566bf969a4b09425161e5267,claims[].current_status,entries with this status
sup.status.FULLY_RETRACTED,2,count,file:llmzip/research_top10_comparison_2026_09_16/SUPERSESSION_LEDGER_2026-09-17.json,c92039e07185f81287b182a451ac40ed67025a1e566bf969a4b09425161e5267,claims[].current_status,entries with this status
sup.status.HISTORICAL / NON-AUTHORITATIVE,1,count,file:llmzip/research_top10_comparison_2026_09_16/SUPERSESSION_LEDGER_2026-09-17.json,c92039e07185f81287b182a451ac40ed67025a1e566bf969a4b09425161e5267,claims[].current_status,entries with this status
sup.status.NARROWED,1,count,file:llmzip/research_top10_comparison_2026_09_16/SUPERSESSION_LEDGER_2026-09-17.json,c92039e07185f81287b182a451ac40ed67025a1e566bf969a4b09425161e5267,claims[].current_status,entries with this status
sup.status.NOT_VERIFIED,1,count,file:llmzip/research_top10_comparison_2026_09_16/SUPERSESSION_LEDGER_2026-09-17.json,c92039e07185f81287b182a451ac40ed67025a1e566bf969a4b09425161e5267,claims[].current_status,entries with this status
sup.status.OPEN,1,count,file:llmzip/research_top10_comparison_2026_09_16/SUPERSESSION_LEDGER_2026-09-17.json,c92039e07185f81287b182a451ac40ed67025a1e566bf969a4b09425161e5267,claims[].current_status,entries with this status
sup.status.RETRACTED,6,count,file:llmzip/research_top10_comparison_2026_09_16/SUPERSESSION_LEDGER_2026-09-17.json,c92039e07185f81287b182a451ac40ed67025a1e566bf969a4b09425161e5267,claims[].current_status,entries with this status
sup.status.SCOPE_CORRECTION,1,count,file:llmzip/research_top10_comparison_2026_09_16/SUPERSESSION_LEDGER_2026-09-17.json,c92039e07185f81287b182a451ac40ed67025a1e566bf969a4b09425161e5267,claims[].current_status,entries with this status
sup.status.SURVIVES,1,count,file:llmzip/research_top10_comparison_2026_09_16/SUPERSESSION_LEDGER_2026-09-17.json,c92039e07185f81287b182a451ac40ed67025a1e566bf969a4b09425161e5267,claims[].current_status,entries with this status
sup.status.TERMINOLOGY_CORRECTION,1,count,file:llmzip/research_top10_comparison_2026_09_16/SUPERSESSION_LEDGER_2026-09-17.json,c92039e07185f81287b182a451ac40ed67025a1e566bf969a4b09425161e5267,claims[].current_status,entries with this status
sup.id.RANK-OVERFLOW,RETRACTED,status,file:llmzip/research_top10_comparison_2026_09_16/SUPERSESSION_LEDGER_2026-09-17.json,c92039e07185f81287b182a451ac40ed67025a1e566bf969a4b09425161e5267,claims[].current_status,"## Why the two disagree: rank overflow, not a bit-budget limit"
sup.id.SIGMA-ONLY,RETRACTED,status,file:llmzip/research_top10_comparison_2026_09_16/SUPERSESSION_LEDGER_2026-09-17.json,c92039e07185f81287b182a451ac40ed67025a1e566bf969a4b09425161e5267,claims[].current_status,The real mechanism is dividing by the tiny sigma of genuine near-singular trailing directions. / the decline is not rank
sup.id.PERLTQA-HIGHK-MECHANISM,OPEN,status,file:llmzip/research_top10_comparison_2026_09_16/SUPERSESSION_LEDGER_2026-09-17.json,c92039e07185f81287b182a451ac40ed67025a1e566bf969a4b09425161e5267,claims[].current_status,the cause of the PerLTQA 192->384 decline
sup.id.FLOAT96-UNCENTERED,TERMINOLOGY_CORRECTION,status,file:llmzip/research_top10_comparison_2026_09_16/SUPERSESSION_LEDGER_2026-09-17.json,c92039e07185f81287b182a451ac40ed67025a1e566bf969a4b09425161e5267,claims[].current_status,uncentered ref / FLOAT96_UNCENTERED
sup.id.SIGN-BEATS-FLOAT-10PP,CORRECTED,status,file:llmzip/research_top10_comparison_2026_09_16/SUPERSESSION_LEDGER_2026-09-17.json,c92039e07185f81287b182a451ac40ed67025a1e566bf969a4b09425161e5267,claims[].current_status,the sign code beats a float representation by about +10 pp
sup.id.TOKENIZER-OFFSET-TRANSPORT,RETRACTED,status,file:llmzip/research_top10_comparison_2026_09_16/SUPERSESSION_LEDGER_2026-09-17.json,c92039e07185f81287b182a451ac40ed67025a1e566bf969a4b09425161e5267,claims[].current_status,Every comparison table in this programme's history needs the -10.35 pp correction applied before it is quoted again.
sup.id.BM25-RAW-TEXT,CORRECTED,status,file:llmzip/research_top10_comparison_2026_09_16/SUPERSESSION_LEDGER_2026-09-17.json,c92039e07185f81287b182a451ac40ed67025a1e566bf969a4b09425161e5267,claims[].current_status,"Every comparison here is against BM25, which needs an inverted index and raw text at query time."
sup.id.RERANK-DISSOLUTION,NARROWED,status,file:llmzip/research_top10_comparison_2026_09_16/SUPERSESSION_LEDGER_2026-09-17.json,c92039e07185f81287b182a451ac40ed67025a1e566bf969a4b09425161e5267,claims[].current_status,reranking dissolves first-stage differences
sup.id.EXPECTED-HIT-10,DATA_DEFECT,status,file:llmzip/research_top10_comparison_2026_09_16/SUPERSESSION_LEDGER_2026-09-17.json,c92039e07185f81287b182a451ac40ed67025a1e566bf969a4b09425161e5267,claims[].current_status,expected_hit_at_10
sup.id.NOVELTY-GENUINELY-OURS,NOT_VERIFIED,status,file:llmzip/research_top10_comparison_2026_09_16/SUPERSESSION_LEDGER_2026-09-17.json,c92039e07185f81287b182a451ac40ed67025a1e566bf969a4b09425161e5267,claims[].current_status,## What is genuinely ours (nothing in the scanned literature covers these)
sup.id.STOP-SCOPE,SCOPE_CORRECTION,status,file:llmzip/research_top10_comparison_2026_09_16/SUPERSESSION_LEDGER_2026-09-17.json,c92039e07185f81287b182a451ac40ed67025a1e566bf969a4b09425161e5267,claims[].current_status,STOP verdict
sup.id.GATE-C1-IMPLEMENTATION,DEFECTIVE,status,file:llmzip/research_top10_comparison_2026_09_16/SUPERSESSION_LEDGER_2026-09-17.json,c92039e07185f81287b182a451ac40ed67025a1e566bf969a4b09425161e5267,claims[].current_status,C1_gate_plus2pp_fr3 = any(v['vs_strongest_bm25_fr3_pp'] >= 2.0 ...)
sup.id.GATE-C1-THIRD-DEFECT,RETRACTED,status,file:llmzip/research_top10_comparison_2026_09_16/SUPERSESSION_LEDGER_2026-09-17.json,c92039e07185f81287b182a451ac40ed67025a1e566bf969a4b09425161e5267,claims[].current_status,"a third defect it does not name: the check is any() over code arms, so it passes if ANY arm clears the bar"
sup.id.BRIEF3-C1b,RETRACTED,status,file:llmzip/research_top10_comparison_2026_09_16/SUPERSESSION_LEDGER_2026-09-17.json,c92039e07185f81287b182a451ac40ed67025a1e566bf969a4b09425161e5267,claims[].current_status,the ladder's +14.79 is roughly +11.4 of the C4 normalisation lever and only ~+3.4 of dimension budget
sup.id.BRIEF3-C1c,SURVIVES,status,file:llmzip/research_top10_comparison_2026_09_16/SUPERSESSION_LEDGER_2026-09-17.json,c92039e07185f81287b182a451ac40ed67025a1e566bf969a4b09425161e5267,claims[].current_status,Audit 3's ladder used an unstandardized raw scorer at its lower rung; scorer choice materially changes the inferred dime
sup.id.BRIEF3-C2,FULLY_RETRACTED,status,file:llmzip/research_top10_comparison_2026_09_16/SUPERSESSION_LEDGER_2026-09-17.json,c92039e07185f81287b182a451ac40ed67025a1e566bf969a4b09425161e5267,claims[].current_status,"re-based spans reverse audit 3's LoCoMo decomposition: 42 % on LoCoMo, closes entirely on PerLTQA"
sup.id.BRIEF3-W5,FULLY_RETRACTED,status,file:llmzip/research_top10_comparison_2026_09_16/SUPERSESSION_LEDGER_2026-09-17.json,c92039e07185f81287b182a451ac40ed67025a1e566bf969a4b09425161e5267,claims[].current_status,No fusion number has been re-measured with a random tie-break.
sup.id.BRIEF3-C6b,RETRACTED,status,file:llmzip/research_top10_comparison_2026_09_16/SUPERSESSION_LEDGER_2026-09-17.json,c92039e07185f81287b182a451ac40ed67025a1e566bf969a4b09425161e5267,claims[].current_status,"the LoCoMo 1.91 pp control-arm gap is label or text content, and it is larger than the +1.28 margin that package claims"
sup.id.ASYM-TWO-DEFINITIONS,CLOSED_FOR_RANK_BASED_METRICS,status,file:llmzip/research_top10_comparison_2026_09_16/SUPERSESSION_LEDGER_2026-09-17.json,c92039e07185f81287b182a451ac40ed67025a1e566bf969a4b09425161e5267,claims[].current_status,cross-report 'asym' numbers are comparable only within the same runner
sup.id.FINAL-STATE-AUTHORITY,HISTORICAL / NON-AUTHORITATIVE,status,file:llmzip/research_top10_comparison_2026_09_16/SUPERSESSION_LEDGER_2026-09-17.json,c92039e07185f81287b182a451ac40ed67025a1e566bf969a4b09425161e5267,claims[].current_status,the whole file
sup.sign10.std_minus_sym,0.36,pp,file:llmzip/research_top10_comparison_2026_09_16/SUPERSESSION_LEDGER_2026-09-17.json,c92039e07185f81287b182a451ac40ed67025a1e566bf969a4b09425161e5267,SIGN-BEATS-FLOAT-10PP.evidence,"standardized float minus sign, FR@3, RealTalk"
sup.sign10.lo,-1.26,pp,file:llmzip/research_top10_comparison_2026_09_16/SUPERSESSION_LEDGER_2026-09-17.json,c92039e07185f81287b182a451ac40ed67025a1e566bf969a4b09425161e5267,SIGN-BEATS-FLOAT-10PP.evidence,95% lower
sup.sign10.hi,2.24,pp,file:llmzip/research_top10_comparison_2026_09_16/SUPERSESSION_LEDGER_2026-09-17.json,c92039e07185f81287b182a451ac40ed67025a1e566bf969a4b09425161e5267,SIGN-BEATS-FLOAT-10PP.evidence,95% upper
sup.sign10.headline,10.037943,pp,file:llmzip/repro/README_PROPOSED_2026-09-20.md,8d5cb6b801adb573e006fa284ea899ed2afa5d57a654a257ed89479c5b8ef3a4,retracted public headline,SIGN96 above uncentered FLOAT96
corr.t1.permutations,6,count,file:llmzip/repro/T1_RUN_MATRIX.json,2392556e47f58be87f90eefa59f453c48fc71b5c114d62381b0490a5cd7f483d,forced permutations n,permutations behind the withdrawn REFUTED verdict
corr.t1.event_rate_pct,12.5,%,file:llmzip/repro/T1_RUN_MATRIX.json,2392556e47f58be87f90eefa59f453c48fc71b5c114d62381b0490a5cd7f483d,why_v1_got_it_wrong (~12.5% event),per-seed event rate
corr.t1.p_miss,0.4487953186035156,p,derived,,(1-0.125)^n,chance all draws miss the event
corr.bm25est.measured_bytes,211608,bytes,file:llmzip/repro/runs/fusion/SELECTIVE_FUSION_2026-09-23.json,59688c362b84cac0db105721d712ba58a910b9fb966db5d51080aa1315227b6c,bm25_storage_per_archive.LoCoMo[0].compact_bm25_bytes,"measured compact BM25, locomo_0"
corr.bm25est.estimate_kB,151.0,kB,file:llmzip/repro/SELECTIVE_FUSION_2026-09-23.md,5a8acdae74473674c075b99376fd8cfe69acd3ff7fea9a1545ec00aaea1dd913,text,earlier estimate
corr.bm25est.ratio_est,5.3,x,file:llmzip/repro/SELECTIVE_FUSION_2026-09-23.md,5a8acdae74473674c075b99376fd8cfe69acd3ff7fea9a1545ec00aaea1dd913,text,encoder/BM25 ratio implied by the estimate
corr.bm25est.ratio_meas,3.79,x,file:llmzip/repro/SELECTIVE_FUSION_2026-09-23.md,5a8acdae74473674c075b99376fd8cfe69acd3ff7fea9a1545ec00aaea1dd913,text,"measured ratio, locomo_0"
codex2.manifest.files,116,count,file:codex-package/structural_compression_manifest.json,c48ffd2ee9c42c6503878ff91091f383da10d6006131d1de227dced7971ba32e,len(files),round-2 manifest entries
codex2.manifest.verified,116,count,recomputed,,sha256 match on disk,round-2 files verified
codex2.commands_clean,7,count,artifact:a1c81008-b32d-463c-b8b3-48eff013a94a,5cb76fb78ec6aedfee7a4b5c46af48ac7f8eec58b1c9e700ebcff1dc19a54f19,section 1,round-2 commands re-run without error
